frame_info.encap_type,frame_info.time,frame_info.time_epoch,frame_info.number,frame_info.len,frame_info.cap_len,eth.type,ip.version,ip.hdr_len,ip.tos,ip.id,ip.flags,ip.flags.rb,ip.flags.df,ip.flags.mf,ip.frag_offset,ip.ttl,ip.proto,ip.checksum,ip.src,ip.dst,ip.len,ip.dsfield,tcp.srcport,tcp.dstport,tcp.seq,tcp.ack,tcp.len,tcp.hdr_len,tcp.flags,tcp.flags.fin,tcp.flags.syn,tcp.flags.reset,tcp.flags.push,tcp.flags.ack,tcp.flags.urg,tcp.flags.cwr,tcp.window_size,tcp.checksum,tcp.urgent_pointer,tcp.options.mss_val
1,"Aug 11, 2024 01:53:41.721415000 EDT",1723355621.721415000,1,138,138,0x0800,4,20,,0xc531,0x02,0,1,0,0,64,6,0xf56d,192.168.255.129,192.168.255.1,124,0x08,22,63117,1,1,84,20,0x0018,0,0,0,1,1,0,0,6265,0x8043,0,
1,"Aug 11, 2024 01:53:41.776312000 EDT",1723355621.776312000,2,60,60,0x0800,4,20,,0x846b,0x02,0,1,0,0,128,6,0xf68f,192.168.255.1,192.168.255.129,40,0x00,63117,22,1,85,0,20,0x0010,0,0,0,0,1,0,0,4101,0x81a7,0,
1,"Aug 11, 2024 01:53:41.888103000 EDT",1723355621.888103000,3,60,60,0x0800,4,20,,0x8e86,0x00,0,0,0,0,254,6,0xae74,192.168.255.1,192.168.255.129,40,0x00,63019,4670,0,0,0,20,0x0002,0,1,0,0,0,0,0,1024,0xd4db,0,
1,"Aug 11, 2024 01:53:41.888130000 EDT",1723355621.888130000,4,54,54,0x0800,4,20,,0x0000,0x02,0,1,0,0,64,6,0xbafb,192.168.255.129,192.168.255.1,40,0x00,4670,63019,1,1,0,20,0x0014,0,0,1,0,1,0,0,0,0xd8c8,0,
1,"Aug 11, 2024 01:53:41.988270000 EDT",1723355621.988270000,5,60,60,0x0800,4,20,,0x8e85,0x00,0,0,0,0,254,6,0xae75,192.168.255.1,192.168.255.129,40,0x00,63019,4670,1,0,0,20,0x0004,0,0,1,0,0,0,0,1200,0xd428,0,
1,"Aug 11, 2024 01:53:41.988271000 EDT",1723355621.988271000,6,60,60,0x0800,4,20,,0xfbae,0x00,0,0,0,0,254,6,0x414c,192.168.255.1,192.168.255.129,40,0x00,63019,36162,0,0,0,20,0x0002,0,1,0,0,0,0,0,1024,0x80f5,0,
1,"Aug 11, 2024 01:53:41.988271000 EDT",1723355621.988271000,7,60,60,0x0800,4,20,,0x5444,0x00,0,0,0,0,254,6,0xe8b6,192.168.255.1,192.168.255.129,40,0x00,63019,7194,0,0,0,20,0x0002,0,1,0,0,0,0,0,1024,0x26c1,0,
1,"Aug 11, 2024 01:53:41.988271000 EDT",1723355621.988271000,8,60,60,0x0800,4,20,,0xc670,0x00,0,0,0,0,254,6,0x768a,192.168.255.1,192.168.255.129,40,0x00,63019,21321,0,0,0,20,0x0002,0,1,0,0,0,0,0,1024,0x73ea,0,
1,"Aug 11, 2024 01:53:41.988271000 EDT",1723355621.988271000,9,60,60,0x0800,4,20,,0xa313,0x00,0,0,0,0,254,6,0x99e7,192.168.255.1,192.168.255.129,40,0x00,63019,18834,0,0,0,20,0x0002,0,1,0,0,0,0,0,1024,0x08fd,0,
1,"Aug 11, 2024 01:53:41.988271000 EDT",1723355621.988271000,10,60,60,0x0800,4,20,,0xf4ed,0x00,0,0,0,0,254,6,0x480d,192.168.255.1,192.168.255.129,40,0x00,63019,6913,0,0,0,20,0x0002,0,1,0,0,0,0,0,1024,0x53d3,0,
1,"Aug 11, 2024 01:53:41.988271000 EDT",1723355621.988271000,11,60,60,0x0800,4,20,,0xe829,0x00,0,0,0,0,254,6,0x54d1,192.168.255.1,192.168.255.129,40,0x00,63019,3668,0,0,0,20,0x0002,0,1,0,0,0,0,0,1024,0x1992,0,
1,"Aug 11, 2024 01:53:41.988271000 EDT",1723355621.988271000,12,60,60,0x0800,4,20,,0xe671,0x00,0,0,0,0,254,6,0x5689,192.168.255.1,192.168.255.129,40,0x00,63019,21719,0,0,0,20,0x0002,0,1,0,0,0,0,0,1024,0x0120,0,
1,"Aug 11, 2024 01:53:41.988294000 EDT",1723355621.988294000,13,54,54,0x0800,4,20,,0x0000,0x02,0,1,0,0,64,6,0xbafb,192.168.255.129,192.168.255.1,40,0x00,36162,63019,1,1,0,20,0x0014,0,0,1,0,1,0,0,0,0x84e2,0,
1,"Aug 11, 2024 01:53:41.988351000 EDT",1723355621.988351000,14,54,54,0x0800,4,20,,0x0000,0x02,0,1,0,0,64,6,0xbafb,192.168.255.129,192.168.255.1,40,0x00,7194,63019,1,1,0,20,0x0014,0,0,1,0,1,0,0,0,0x2aae,0,
1,"Aug 11, 2024 01:53:41.988395000 EDT",1723355621.988395000,15,54,54,0x0800,4,20,,0x0000,0x02,0,1,0,0,64,6,0xbafb,192.168.255.129,192.168.255.1,40,0x00,21321,63019,1,1,0,20,0x0014,0,0,1,0,1,0,0,0,0x77d7,0,
1,"Aug 11, 2024 01:53:41.988441000 EDT",1723355621.988441000,16,54,54,0x0800,4,20,,0x0000,0x02,0,1,0,0,64,6,0xbafb,192.168.255.129,192.168.255.1,40,0x00,18834,63019,1,1,0,20,0x0014,0,0,1,0,1,0,0,0,0x0cea,0,
1,"Aug 11, 2024 01:53:41.988491000 EDT",1723355621.988491000,17,54,54,0x0800,4,20,,0x0000,0x02,0,1,0,0,64,6,0xbafb,192.168.255.129,192.168.255.1,40,0x00,6913,63019,1,1,0,20,0x0014,0,0,1,0,1,0,0,0,0x57c0,0,
1,"Aug 11, 2024 01:53:41.988525000 EDT",1723355621.988525000,18,54,54,0x0800,4,20,,0x0000,0x02,0,1,0,0,64,6,0xbafb,192.168.255.129,192.168.255.1,40,0x00,3668,63019,1,1,0,20,0x0014,0,0,1,0,1,0,0,0,0x1d7f,0,
1,"Aug 11, 2024 01:53:41.988560000 EDT",1723355621.988560000,19,54,54,0x0800,4,20,,0x0000,0x02,0,1,0,0,64,6,0xbafb,192.168.255.129,192.168.255.1,40,0x00,21719,63019,1,1,0,20,0x0014,0,0,1,0,1,0,0,0,0x050d,0,
1,"Aug 11, 2024 01:53:41.988604000 EDT",1723355621.988604000,20,60,60,0x0800,4,20,,0x0a58,0x00,0,0,0,0,254,6,0x32a3,192.168.255.1,192.168.255.129,40,0x00,63019,26239,0,0,0,20,0x0002,0,1,0,0,0,0,0,1024,0x47a6,0,
1,"Aug 11, 2024 01:53:41.988605000 EDT",1723355621.988605000,21,60,60,0x0800,4,20,,0x65d7,0x00,0,0,0,0,254,6,0xd723,192.168.255.1,192.168.255.129,40,0x00,63019,57357,0,0,0,20,0x0002,0,1,0,0,0,0,0,1024,0xf6f2,0,
1,"Aug 11, 2024 01:53:41.988610000 EDT",1723355621.988610000,22,54,54,0x0800,4,20,,0x0000,0x02,0,1,0,0,64,6,0xbafb,192.168.255.129,192.168.255.1,40,0x00,26239,63019,1,1,0,20,0x0014,0,0,1,0,1,0,0,0,0x4b93,0,
1,"Aug 11, 2024 01:53:41.988642000 EDT",1723355621.988642000,23,54,54,0x0800,4,20,,0x0000,0x02,0,1,0,0,64,6,0xbafb,192.168.255.129,192.168.255.1,40,0x00,57357,63019,1,1,0,20,0x0014,0,0,1,0,1,0,0,0,0xfadf,0,
1,"Aug 11, 2024 01:53:41.998191000 EDT",1723355621.998191000,24,60,60,0x0800,4,20,,0xfbad,0x00,0,0,0,0,254,6,0x414d,192.168.255.1,192.168.255.129,40,0x00,63019,36162,1,0,0,20,0x0004,0,0,1,0,0,0,0,1200,0x8042,0,
1,"Aug 11, 2024 01:53:42.008072000 EDT",1723355622.008072000,25,60,60,0x0800,4,20,,0x547b,0x00,0,0,0,0,254,6,0xe87f,192.168.255.1,192.168.255.129,40,0x00,63019,7194,1,0,0,20,0x0004,0,0,1,0,0,0,0,1200,0x260e,0,
1,"Aug 11, 2024 01:53:42.015922000 EDT",1723355622.015922000,26,178,178,0x0800,4,20,,0x846c,0x02,0,1,0,0,128,6,0xf612,192.168.255.1,192.168.255.129,164,0x00,63117,22,1,85,124,20,0x0018,0,0,0,1,1,0,0,4101,0x41db,0,
1,"Aug 11, 2024 01:53:42.015947000 EDT",1723355622.015947000,27,54,54,0x0800,4,20,,0xc532,0x02,0,1,0,0,64,6,0xf5c0,192.168.255.129,192.168.255.1,40,0x08,22,63117,85,125,0,20,0x0010,0,0,0,0,1,0,0,6265,0x7fef,0,
1,"Aug 11, 2024 01:53:42.018098000 EDT",1723355622.018098000,28,60,60,0x0800,4,20,,0xc671,0x00,0,0,0,0,254,6,0x7689,192.168.255.1,192.168.255.129,40,0x00,63019,21321,1,0,0,20,0x0004,0,0,1,0,0,0,0,1200,0x7337,0,
1,"Aug 11, 2024 01:53:42.028108000 EDT",1723355622.028108000,29,60,60,0x0800,4,20,,0xa312,0x00,0,0,0,0,254,6,0x99e8,192.168.255.1,192.168.255.129,40,0x00,63019,18834,1,0,0,20,0x0004,0,0,1,0,0,0,0,1200,0x084a,0,
1,"Aug 11, 2024 01:53:42.038029000 EDT",1723355622.038029000,30,60,60,0x0800,4,20,,0xf4ee,0x00,0,0,0,0,254,6,0x480c,192.168.255.1,192.168.255.129,40,0x00,63019,6913,1,0,0,20,0x0004,0,0,1,0,0,0,0,1200,0x5320,0,
1,"Aug 11, 2024 01:53:42.048060000 EDT",1723355622.048060000,31,60,60,0x0800,4,20,,0xe828,0x00,0,0,0,0,254,6,0x54d2,192.168.255.1,192.168.255.129,40,0x00,63019,3668,1,0,0,20,0x0004,0,0,1,0,0,0,0,1200,0x18df,0,
1,"Aug 11, 2024 01:53:42.058080000 EDT",1723355622.058080000,32,60,60,0x0800,4,20,,0xe67e,0x00,0,0,0,0,254,6,0x567c,192.168.255.1,192.168.255.129,40,0x00,63019,21719,1,0,0,20,0x0004,0,0,1,0,0,0,0,1200,0x006d,0,
1,"Aug 11, 2024 01:53:42.068084000 EDT",1723355622.068084000,33,60,60,0x0800,4,20,,0x0a59,0x00,0,0,0,0,254,6,0x32a2,192.168.255.1,192.168.255.129,40,0x00,63019,26239,1,0,0,20,0x0004,0,0,1,0,0,0,0,1200,0x46f3,0,
1,"Aug 11, 2024 01:53:42.078144000 EDT",1723355622.078144000,34,60,60,0x0800,4,20,,0x65d0,0x00,0,0,0,0,254,6,0xd72a,192.168.255.1,192.168.255.129,40,0x00,63019,57357,1,0,0,20,0x0004,0,0,1,0,0,0,0,1200,0xf63f,0,
1,"Aug 11, 2024 01:53:42.088102000 EDT",1723355622.088102000,35,60,60,0x0800,4,20,,0xd3c5,0x00,0,0,0,0,254,6,0x6935,192.168.255.1,192.168.255.129,40,0x00,63019,22556,0,0,0,20,0x0002,0,1,0,0,0,0,0,1024,0x3d84,0,
1,"Aug 11, 2024 01:53:42.088117000 EDT",1723355622.088117000,36,54,54,0x0800,4,20,,0x0000,0x02,0,1,0,0,64,6,0xbafb,192.168.255.129,192.168.255.1,40,0x00,22556,63019,1,1,0,20,0x0014,0,0,1,0,1,0,0,0,0x4171,0,
1,"Aug 11, 2024 01:53:42.098112000 EDT",1723355622.098112000,37,60,60,0x0800,4,20,,0xd3c4,0x00,0,0,0,0,254,6,0x6936,192.168.255.1,192.168.255.129,40,0x00,63019,22556,1,0,0,20,0x0004,0,0,1,0,0,0,0,1200,0x3cd1,0,
1,"Aug 11, 2024 01:53:42.108047000 EDT",1723355622.108047000,38,60,60,0x0800,4,20,,0x31bd,0x00,0,0,0,0,254,6,0x0b3e,192.168.255.1,192.168.255.129,40,0x00,63019,36849,0,0,0,20,0x0002,0,1,0,0,0,0,0,1024,0x4e86,0,
1,"Aug 11, 2024 01:53:42.108063000 EDT",1723355622.108063000,39,54,54,0x0800,4,20,,0x0000,0x02,0,1,0,0,64,6,0xbafb,192.168.255.129,192.168.255.1,40,0x00,36849,63019,1,1,0,20,0x0014,0,0,1,0,1,0,0,0,0x5273,0,
1,"Aug 11, 2024 01:53:42.118174000 EDT",1723355622.118174000,40,60,60,0x0800,4,20,,0x31be,0x00,0,0,0,0,254,6,0x0b3d,192.168.255.1,192.168.255.129,40,0x00,63019,36849,1,0,0,20,0x0004,0,0,1,0,0,0,0,1200,0x4dd3,0,
1,"Aug 11, 2024 01:53:42.128106000 EDT",1723355622.128106000,41,60,60,0x0800,4,20,,0x76ed,0x00,0,0,0,0,254,6,0xc60d,192.168.255.1,192.168.255.129,40,0x00,63019,2639,0,0,0,20,0x0002,0,1,0,0,0,0,0,1024,0xd578,0,
1,"Aug 11, 2024 01:53:42.128124000 EDT",1723355622.128124000,42,54,54,0x0800,4,20,,0x0000,0x02,0,1,0,0,64,6,0xbafb,192.168.255.129,192.168.255.1,40,0x00,2639,63019,1,1,0,20,0x0014,0,0,1,0,1,0,0,0,0xd965,0,
1,"Aug 11, 2024 01:53:42.138120000 EDT",1723355622.138120000,43,60,60,0x0800,4,20,,0x76ea,0x00,0,0,0,0,254,6,0xc610,192.168.255.1,192.168.255.129,40,0x00,63019,2639,1,0,0,20,0x0004,0,0,1,0,0,0,0,1200,0xd4c5,0,
1,"Aug 11, 2024 01:53:42.148181000 EDT",1723355622.148181000,44,60,60,0x0800,4,20,,0x0c5e,0x00,0,0,0,0,254,6,0x309d,192.168.255.1,192.168.255.129,40,0x00,63019,49679,0,0,0,20,0x0002,0,1,0,0,0,0,0,1024,0x054f,0,
1,"Aug 11, 2024 01:53:42.148202000 EDT",1723355622.148202000,45,54,54,0x0800,4,20,,0x0000,0x02,0,1,0,0,64,6,0xbafb,192.168.255.129,192.168.255.1,40,0x00,49679,63019,1,1,0,20,0x0014,0,0,1,0,1,0,0,0,0x093c,0,
1,"Aug 11, 2024 01:53:42.158098000 EDT",1723355622.158098000,46,60,60,0x0800,4,20,,0x0c5f,0x00,0,0,0,0,254,6,0x309c,192.168.255.1,192.168.255.129,40,0x00,63019,49679,1,0,0,20,0x0004,0,0,1,0,0,0,0,1200,0x049c,0,
1,"Aug 11, 2024 01:53:42.168135000 EDT",1723355622.168135000,47,60,60,0x0800,4,20,,0xff3a,0x00,0,0,0,0,254,6,0x3dc0,192.168.255.1,192.168.255.129,40,0x00,63019,2223,0,0,0,20,0x0002,0,1,0,0,0,0,0,1024,0x43fb,0,
1,"Aug 11, 2024 01:53:42.168153000 EDT",1723355622.168153000,48,54,54,0x0800,4,20,,0x0000,0x02,0,1,0,0,64,6,0xbafb,192.168.255.129,192.168.255.1,40,0x00,2223,63019,1,1,0,20,0x0014,0,0,1,0,1,0,0,0,0x47e8,0,
1,"Aug 11, 2024 01:53:42.178066000 EDT",1723355622.178066000,49,60,60,0x0800,4,20,,0xff3b,0x00,0,0,0,0,254,6,0x3dbf,192.168.255.1,192.168.255.129,40,0x00,63019,2223,1,0,0,20,0x0004,0,0,1,0,0,0,0,1200,0x4348,0,
1,"Aug 11, 2024 01:53:42.188145000 EDT",1723355622.188145000,50,60,60,0x0800,4,20,,0xb9cd,0x00,0,0,0,0,254,6,0x832d,192.168.255.1,192.168.255.129,40,0x00,63019,17237,0,0,0,20,0x0002,0,1,0,0,0,0,0,1024,0x2790,0,
1,"Aug 11, 2024 01:53:42.188160000 EDT",1723355622.188160000,51,54,54,0x0800,4,20,,0x0000,0x02,0,1,0,0,64,6,0xbafb,192.168.255.129,192.168.255.1,40,0x00,17237,63019,1,1,0,20,0x0014,0,0,1,0,1,0,0,0,0x2b7d,0,
1,"Aug 11, 2024 01:53:42.198102000 EDT",1723355622.198102000,52,60,60,0x0800,4,20,,0xb9ce,0x00,0,0,0,0,254,6,0x832c,192.168.255.1,192.168.255.129,40,0x00,63019,17237,1,0,0,20,0x0004,0,0,1,0,0,0,0,1200,0x26dd,0,
1,"Aug 11, 2024 01:53:42.208074000 EDT",1723355622.208074000,53,60,60,0x0800,4,20,,0x5f6b,0x00,0,0,0,0,254,6,0xdd8f,192.168.255.1,192.168.255.129,40,0x00,63019,29946,0,0,0,20,0x0002,0,1,0,0,0,0,0,1024,0xa9d0,0,
1,"Aug 11, 2024 01:53:42.208086000 EDT",1723355622.208086000,54,54,54,0x0800,4,20,,0x0000,0x02,0,1,0,0,64,6,0xbafb,192.168.255.129,192.168.255.1,40,0x00,29946,63019,1,1,0,20,0x0014,0,0,1,0,1,0,0,0,0xadbd,0,
1,"Aug 11, 2024 01:53:42.218021000 EDT",1723355622.218021000,55,60,60,0x0800,4,20,,0x5f6a,0x00,0,0,0,0,254,6,0xdd90,192.168.255.1,192.168.255.129,40,0x00,63019,29946,1,0,0,20,0x0004,0,0,1,0,0,0,0,1200,0xa91d,0,
1,"Aug 11, 2024 01:53:42.228094000 EDT",1723355622.228094000,56,60,60,0x0800,4,20,,0xb3eb,0x00,0,0,0,0,254,6,0x890f,192.168.255.1,192.168.255.129,40,0x00,63019,60150,0,0,0,20,0x0002,0,1,0,0,0,0,0,1024,0xc1dd,0,
1,"Aug 11, 2024 01:53:42.228109000 EDT",1723355622.228109000,57,54,54,0x0800,4,20,,0x0000,0x02,0,1,0,0,64,6,0xbafb,192.168.255.129,192.168.255.1,40,0x00,60150,63019,1,1,0,20,0x0014,0,0,1,0,1,0,0,0,0xc5ca,0,
1,"Aug 11, 2024 01:53:42.238051000 EDT",1723355622.238051000,58,60,60,0x0800,4,20,,0xb3ea,0x00,0,0,0,0,254,6,0x8910,192.168.255.1,192.168.255.129,40,0x00,63019,60150,1,0,0,20,0x0004,0,0,1,0,0,0,0,1200,0xc12a,0,
1,"Aug 11, 2024 01:53:42.248075000 EDT",1723355622.248075000,59,60,60,0x0800,4,20,,0xb4d4,0x00,0,0,0,0,254,6,0x8826,192.168.255.1,192.168.255.129,40,0x00,63019,4011,0,0,0,20,0x0002,0,1,0,0,0,0,0,1024,0xa86f,0,
1,"Aug 11, 2024 01:53:42.248091000 EDT",1723355622.248091000,60,54,54,0x0800,4,20,,0x0000,0x02,0,1,0,0,64,6,0xbafb,192.168.255.129,192.168.255.1,40,0x00,4011,63019,1,1,0,20,0x0014,0,0,1,0,1,0,0,0,0xac5c,0,
1,"Aug 11, 2024 01:53:42.258101000 EDT",1723355622.258101000,61,60,60,0x0800,4,20,,0xb4d5,0x00,0,0,0,0,254,6,0x8825,192.168.255.1,192.168.255.129,40,0x00,63019,4011,1,0,0,20,0x0004,0,0,1,0,0,0,0,1200,0xa7bc,0,
1,"Aug 11, 2024 01:53:42.268086000 EDT",1723355622.268086000,62,60,60,0x0800,4,20,,0x147c,0x00,0,0,0,0,254,6,0x287f,192.168.255.1,192.168.255.129,40,0x00,63019,61388,0,0,0,20,0x0002,0,1,0,0,0,0,0,1024,0xf9c3,0,
1,"Aug 11, 2024 01:53:42.268100000 EDT",1723355622.268100000,63,54,54,0x0800,4,20,,0x0000,0x02,0,1,0,0,64,6,0xbafb,192.168.255.129,192.168.255.1,40,0x00,61388,63019,1,1,0,20,0x0014,0,0,1,0,1,0,0,0,0xfdb0,0,
1,"Aug 11, 2024 01:53:42.276689000 EDT",1723355622.276689000,64,60,60,0x0800,4,20,,0x147f,0x00,0,0,0,0,254,6,0x287c,192.168.255.1,192.168.255.129,40,0x00,63019,61388,1,0,0,20,0x0004,0,0,1,0,0,0,0,1200,0xf910,0,
1,"Aug 11, 2024 01:53:42.341122000 EDT",1723355622.341122000,65,60,60,0x0800,4,20,,0x096c,0x00,0,0,0,0,254,6,0x338f,192.168.255.1,192.168.255.129,40,0x00,63019,58900,0,0,0,20,0x0002,0,1,0,0,0,0,0,1024,0xbd7f,0,
1,"Aug 11, 2024 01:53:42.341122000 EDT",1723355622.341122000,66,60,60,0x0800,4,20,,0xeeb8,0x00,0,0,0,0,254,6,0x4e42,192.168.255.1,192.168.255.129,40,0x00,63019,29198,0,0,0,20,0x0002,0,1,0,0,0,0,0,1024,0x39df,0,
1,"Aug 11, 2024 01:53:42.341122000 EDT",1723355622.341122000,67,60,60,0x0800,4,20,,0x85bb,0x00,0,0,0,0,254,6,0xb73f,192.168.255.1,192.168.255.129,40,0x00,63019,62301,0,0,0,20,0x0002,0,1,0,0,0,0,0,1024,0xd577,0,
1,"Aug 11, 2024 01:53:42.341122000 EDT",1723355622.341122000,68,60,60,0x0800,4,20,,0xc338,0x00,0,0,0,0,254,6,0x79c2,192.168.255.1,192.168.255.129,40,0x00,63019,50201,0,0,0,20,0x0002,0,1,0,0,0,0,0,1024,0xd8df,0,
1,"Aug 11, 2024 01:53:42.341122000 EDT",1723355622.341122000,69,60,60,0x0800,4,20,,0x1e54,0x00,0,0,0,0,254,6,0x1ea7,192.168.255.1,192.168.255.129,40,0x00,63019,6404,0,0,0,20,0x0002,0,1,0,0,0,0,0,1024,0x96ae,0,
1,"Aug 11, 2024 01:53:42.341123000 EDT",1723355622.341123000,70,60,60,0x0800,4,20,,0x6ed0,0x00,0,0,0,0,254,6,0xce2a,192.168.255.1,192.168.255.129,40,0x00,63019,39911,0,0,0,20,0x0002,0,1,0,0,0,0,0,1024,0x2b65,0,
1,"Aug 11, 2024 01:53:42.341123000 EDT",1723355622.341123000,71,60,60,0x0800,4,20,,0x2b86,0x00,0,0,0,0,254,6,0x1175,192.168.255.1,192.168.255.129,40,0x00,63019,12286,0,0,0,20,0x0002,0,1,0,0,0,0,0,1024,0x1b75,0,
1,"Aug 11, 2024 01:53:42.341144000 EDT",1723355622.341144000,72,54,54,0x0800,4,20,,0x0000,0x02,0,1,0,0,64,6,0xbafb,192.168.255.129,192.168.255.1,40,0x00,58900,63019,1,1,0,20,0x0014,0,0,1,0,1,0,0,0,0xc16c,0,
1,"Aug 11, 2024 01:53:42.341206000 EDT",1723355622.341206000,73,54,54,0x0800,4,20,,0x0000,0x02,0,1,0,0,64,6,0xbafb,192.168.255.129,192.168.255.1,40,0x00,29198,63019,1,1,0,20,0x0014,0,0,1,0,1,0,0,0,0x3dcc,0,
1,"Aug 11, 2024 01:53:42.341245000 EDT",1723355622.341245000,74,54,54,0x0800,4,20,,0x0000,0x02,0,1,0,0,64,6,0xbafb,192.168.255.129,192.168.255.1,40,0x00,62301,63019,1,1,0,20,0x0014,0,0,1,0,1,0,0,0,0xd964,0,
1,"Aug 11, 2024 01:53:42.341277000 EDT",1723355622.341277000,75,54,54,0x0800,4,20,,0x0000,0x02,0,1,0,0,64,6,0xbafb,192.168.255.129,192.168.255.1,40,0x00,50201,63019,1,1,0,20,0x0014,0,0,1,0,1,0,0,0,0xdccc,0,
1,"Aug 11, 2024 01:53:42.341310000 EDT",1723355622.341310000,76,54,54,0x0800,4,20,,0x0000,0x02,0,1,0,0,64,6,0xbafb,192.168.255.129,192.168.255.1,40,0x00,6404,63019,1,1,0,20,0x0014,0,0,1,0,1,0,0,0,0x9a9b,0,
1,"Aug 11, 2024 01:53:42.341347000 EDT",1723355622.341347000,77,54,54,0x0800,4,20,,0x0000,0x02,0,1,0,0,64,6,0xbafb,192.168.255.129,192.168.255.1,40,0x00,39911,63019,1,1,0,20,0x0014,0,0,1,0,1,0,0,0,0x2f52,0,
1,"Aug 11, 2024 01:53:42.341383000 EDT",1723355622.341383000,78,54,54,0x0800,4,20,,0x0000,0x02,0,1,0,0,64,6,0xbafb,192.168.255.129,192.168.255.1,40,0x00,12286,63019,1,1,0,20,0x0014,0,0,1,0,1,0,0,0,0x1f62,0,
1,"Aug 11, 2024 01:53:42.354265000 EDT",1723355622.354265000,79,60,60,0x0800,4,20,,0x85b4,0x00,0,0,0,0,254,6,0xb746,192.168.255.1,192.168.255.129,40,0x00,63019,62301,1,0,0,20,0x0004,0,0,1,0,0,0,0,1200,0xd4c4,0,
1,"Aug 11, 2024 01:53:42.363181000 EDT",1723355622.363181000,80,60,60,0x0800,4,20,,0x096f,0x00,0,0,0,0,254,6,0x338c,192.168.255.1,192.168.255.129,40,0x00,63019,58900,1,0,0,20,0x0004,0,0,1,0,0,0,0,1200,0xbccc,0,
1,"Aug 11, 2024 01:53:42.374384000 EDT",1723355622.374384000,81,60,60,0x0800,4,20,,0xeeb7,0x00,0,0,0,0,254,6,0x4e43,192.168.255.1,192.168.255.129,40,0x00,63019,29198,1,0,0,20,0x0004,0,0,1,0,0,0,0,1200,0x392c,0,
1,"Aug 11, 2024 01:53:42.384467000 EDT",1723355622.384467000,82,60,60,0x0800,4,20,,0x1e57,0x00,0,0,0,0,254,6,0x1ea4,192.168.255.1,192.168.255.129,40,0x00,63019,6404,1,0,0,20,0x0004,0,0,1,0,0,0,0,1200,0x95fb,0,
1,"Aug 11, 2024 01:53:42.394406000 EDT",1723355622.394406000,83,60,60,0x0800,4,20,,0xc339,0x00,0,0,0,0,254,6,0x79c1,192.168.255.1,192.168.255.129,40,0x00,63019,50201,1,0,0,20,0x0004,0,0,1,0,0,0,0,1200,0xd82c,0,
1,"Aug 11, 2024 01:53:42.405445000 EDT",1723355622.405445000,84,60,60,0x0800,4,20,,0x6ed1,0x00,0,0,0,0,254,6,0xce29,192.168.255.1,192.168.255.129,40,0x00,63019,39911,1,0,0,20,0x0004,0,0,1,0,0,0,0,1200,0x2ab2,0,
1,"Aug 11, 2024 01:53:42.415566000 EDT",1723355622.415566000,85,60,60,0x0800,4,20,,0x2b85,0x00,0,0,0,0,254,6,0x1176,192.168.255.1,192.168.255.129,40,0x00,63019,12286,1,0,0,20,0x0004,0,0,1,0,0,0,0,1200,0x1ac2,0,
1,"Aug 11, 2024 01:53:42.426299000 EDT",1723355622.426299000,86,60,60,0x0800,4,20,,0x2521,0x00,0,0,0,0,254,6,0x17da,192.168.255.1,192.168.255.129,40,0x00,63019,2682,0,0,0,20,0x0002,0,1,0,0,0,0,0,1024,0xa308,0,
1,"Aug 11, 2024 01:53:42.426317000 EDT",1723355622.426317000,87,54,54,0x0800,4,20,,0x0000,0x02,0,1,0,0,64,6,0xbafb,192.168.255.129,192.168.255.1,40,0x00,2682,63019,1,1,0,20,0x0014,0,0,1,0,1,0,0,0,0xa6f5,0,
1,"Aug 11, 2024 01:53:42.436389000 EDT",1723355622.436389000,88,60,60,0x0800,4,20,,0x2520,0x00,0,0,0,0,254,6,0x17db,192.168.255.1,192.168.255.129,40,0x00,63019,2682,1,0,0,20,0x0004,0,0,1,0,0,0,0,1200,0xa255,0,
1,"Aug 11, 2024 01:53:42.446845000 EDT",1723355622.446845000,89,60,60,0x0800,4,20,,0x341c,0x00,0,0,0,0,254,6,0x08df,192.168.255.1,192.168.255.129,40,0x00,63019,60084,0,0,0,20,0x0002,0,1,0,0,0,0,0,1024,0x00b2,0,
1,"Aug 11, 2024 01:53:42.446864000 EDT",1723355622.446864000,90,54,54,0x0800,4,20,,0x0000,0x02,0,1,0,0,64,6,0xbafb,192.168.255.129,192.168.255.1,40,0x00,60084,63019,1,1,0,20,0x0014,0,0,1,0,1,0,0,0,0x049f,0,
1,"Aug 11, 2024 01:53:42.456211000 EDT",1723355622.456211000,91,60,60,0x0800,4,20,,0x341f,0x00,0,0,0,0,254,6,0x08dc,192.168.255.1,192.168.255.129,40,0x00,63019,60084,1,0,0,20,0x0004,0,0,1,0,0,0,0,1200,0xfffe,0,
1,"Aug 11, 2024 01:53:42.466831000 EDT",1723355622.466831000,92,60,60,0x0800,4,20,,0xb972,0x00,0,0,0,0,254,6,0x8388,192.168.255.1,192.168.255.129,40,0x00,63019,64546,0,0,0,20,0x0002,0,1,0,0,0,0,0,1024,0xfe2c,0,
1,"Aug 11, 2024 01:53:42.466848000 EDT",1723355622.466848000,93,54,54,0x0800,4,20,,0x0000,0x02,0,1,0,0,64,6,0xbafb,192.168.255.129,192.168.255.1,40,0x00,64546,63019,1,1,0,20,0x0014,0,0,1,0,1,0,0,0,0x021a,0,
1,"Aug 11, 2024 01:53:42.476718000 EDT",1723355622.476718000,94,60,60,0x0800,4,20,,0xb971,0x00,0,0,0,0,254,6,0x8389,192.168.255.1,192.168.255.129,40,0x00,63019,64546,1,0,0,20,0x0004,0,0,1,0,0,0,0,1200,0xfd79,0,
1,"Aug 11, 2024 01:53:42.487170000 EDT",1723355622.487170000,95,60,60,0x0800,4,20,,0x693b,0x00,0,0,0,0,254,6,0xd3bf,192.168.255.1,192.168.255.129,40,0x00,63019,33172,0,0,0,20,0x0002,0,1,0,0,0,0,0,1024,0x09bb,0,
1,"Aug 11, 2024 01:53:42.487188000 EDT",1723355622.487188000,96,54,54,0x0800,4,20,,0x0000,0x02,0,1,0,0,64,6,0xbafb,192.168.255.129,192.168.255.1,40,0x00,33172,63019,1,1,0,20,0x0014,0,0,1,0,1,0,0,0,0x0da8,0,
1,"Aug 11, 2024 01:53:42.497132000 EDT",1723355622.497132000,97,60,60,0x0800,4,20,,0x693a,0x00,0,0,0,0,254,6,0xd3c0,192.168.255.1,192.168.255.129,40,0x00,63019,33172,1,0,0,20,0x0004,0,0,1,0,0,0,0,1200,0x0908,0,
1,"Aug 11, 2024 01:53:42.507499000 EDT",1723355622.507499000,98,60,60,0x0800,4,20,,0xb61f,0x00,0,0,0,0,254,6,0x86db,192.168.255.1,192.168.255.129,40,0x00,63019,4436,0,0,0,20,0x0002,0,1,0,0,0,0,0,1024,0xb97d,0,
1,"Aug 11, 2024 01:53:42.507521000 EDT",1723355622.507521000,99,54,54,0x0800,4,20,,0x0000,0x02,0,1,0,0,64,6,0xbafb,192.168.255.129,192.168.255.1,40,0x00,4436,63019,1,1,0,20,0x0014,0,0,1,0,1,0,0,0,0xbd6a,0,
1,"Aug 11, 2024 01:53:42.517385000 EDT",1723355622.517385000,100,60,60,0x0800,4,20,,0xb61e,0x00,0,0,0,0,254,6,0x86dc,192.168.255.1,192.168.255.129,40,0x00,63019,4436,1,0,0,20,0x0004,0,0,1,0,0,0,0,1200,0xb8ca,0,
1,"Aug 11, 2024 01:53:42.527444000 EDT",1723355622.527444000,101,60,60,0x0800,4,20,,0x33c2,0x00,0,0,0,0,254,6,0x0939,192.168.255.1,192.168.255.129,40,0x00,63019,22272,0,0,0,20,0x0002,0,1,0,0,0,0,0,1024,0x6968,0,
1,"Aug 11, 2024 01:53:42.527466000 EDT",1723355622.527466000,102,54,54,0x0800,4,20,,0x0000,0x02,0,1,0,0,64,6,0xbafb,192.168.255.129,192.168.255.1,40,0x00,22272,63019,1,1,0,20,0x0014,0,0,1,0,1,0,0,0,0x6d55,0,
1,"Aug 11, 2024 01:53:42.537661000 EDT",1723355622.537661000,103,60,60,0x0800,4,20,,0x33c5,0x00,0,0,0,0,254,6,0x0936,192.168.255.1,192.168.255.129,40,0x00,63019,22272,1,0,0,20,0x0004,0,0,1,0,0,0,0,1200,0x68b5,0,
1,"Aug 11, 2024 01:53:42.547709000 EDT",1723355622.547709000,104,60,60,0x0800,4,20,,0xf31d,0x00,0,0,0,0,254,6,0x49dd,192.168.255.1,192.168.255.129,40,0x00,63019,7294,0,0,0,20,0x0002,0,1,0,0,0,0,0,1024,0x262b,0,
1,"Aug 11, 2024 01:53:42.547730000 EDT",1723355622.547730000,105,54,54,0x0800,4,20,,0x0000,0x02,0,1,0,0,64,6,0xbafb,192.168.255.129,192.168.255.1,40,0x00,7294,63019,1,1,0,20,0x0014,0,0,1,0,1,0,0,0,0x2a18,0,
1,"Aug 11, 2024 01:53:42.557531000 EDT",1723355622.557531000,106,60,60,0x0800,4,20,,0xf31c,0x00,0,0,0,0,254,6,0x49de,192.168.255.1,192.168.255.129,40,0x00,63019,7294,1,0,0,20,0x0004,0,0,1,0,0,0,0,1200,0x2578,0,
1,"Aug 11, 2024 01:53:42.567647000 EDT",1723355622.567647000,107,60,60,0x0800,4,20,,0x080a,0x00,0,0,0,0,254,6,0x34f1,192.168.255.1,192.168.255.129,40,0x00,63019,4279,0,0,0,20,0x0002,0,1,0,0,0,0,0,1024,0x7f4b,0,
1,"Aug 11, 2024 01:53:42.567664000 EDT",1723355622.567664000,108,54,54,0x0800,4,20,,0x0000,0x02,0,1,0,0,64,6,0xbafb,192.168.255.129,192.168.255.1,40,0x00,4279,63019,1,1,0,20,0x0014,0,0,1,0,1,0,0,0,0x8338,0,
1,"Aug 11, 2024 01:53:42.577800000 EDT",1723355622.577800000,109,60,60,0x0800,4,20,,0x080b,0x00,0,0,0,0,254,6,0x34f0,192.168.255.1,192.168.255.129,40,0x00,63019,4279,1,0,0,20,0x0004,0,0,1,0,0,0,0,1200,0x7e98,0,
1,"Aug 11, 2024 01:53:42.587726000 EDT",1723355622.587726000,110,60,60,0x0800,4,20,,0xb79c,0x00,0,0,0,0,254,6,0x855e,192.168.255.1,192.168.255.129,40,0x00,63019,10724,0,0,0,20,0x0002,0,1,0,0,0,0,0,1024,0x2aa0,0,
1,"Aug 11, 2024 01:53:42.587744000 EDT",1723355622.587744000,111,54,54,0x0800,4,20,,0x0000,0x02,0,1,0,0,64,6,0xbafb,192.168.255.129,192.168.255.1,40,0x00,10724,63019,1,1,0,20,0x0014,0,0,1,0,1,0,0,0,0x2e8d,0,
1,"Aug 11, 2024 01:53:42.597903000 EDT",1723355622.597903000,112,60,60,0x0800,4,20,,0xb79f,0x00,0,0,0,0,254,6,0x855b,192.168.255.1,192.168.255.129,40,0x00,63019,10724,1,0,0,20,0x0004,0,0,1,0,0,0,0,1200,0x29ed,0,
1,"Aug 11, 2024 01:53:42.607647000 EDT",1723355622.607647000,113,60,60,0x0800,4,20,,0x9a57,0x00,0,0,0,0,254,6,0xa2a3,192.168.255.1,192.168.255.129,40,0x00,63019,14827,0,0,0,20,0x0002,0,1,0,0,0,0,0,1024,0xd9a9,0,
1,"Aug 11, 2024 01:53:42.607665000 EDT",1723355622.607665000,114,54,54,0x0800,4,20,,0x0000,0x02,0,1,0,0,64,6,0xbafb,192.168.255.129,192.168.255.1,40,0x00,14827,63019,1,1,0,20,0x0014,0,0,1,0,1,0,0,0,0xdd96,0,
1,"Aug 11, 2024 01:53:42.617914000 EDT",1723355622.617914000,115,60,60,0x0800,4,20,,0x9a54,0x00,0,0,0,0,254,6,0xa2a6,192.168.255.1,192.168.255.129,40,0x00,63019,14827,1,0,0,20,0x0004,0,0,1,0,0,0,0,1200,0xd8f6,0,
1,"Aug 11, 2024 01:53:42.624450000 EDT",1723355622.624450000,116,60,60,0x0800,4,20,,0x27b1,0x00,0,0,0,0,254,6,0x154a,192.168.255.1,192.168.255.129,40,0x00,63019,19591,0,0,0,20,0x0002,0,1,0,0,0,0,0,1024,0x9966,0,
1,"Aug 11, 2024 01:53:42.624467000 EDT",1723355622.624467000,117,54,54,0x0800,4,20,,0x0000,0x02,0,1,0,0,64,6,0xbafb,192.168.255.129,192.168.255.1,40,0x00,19591,63019,1,1,0,20,0x0014,0,0,1,0,1,0,0,0,0x9d53,0,
1,"Aug 11, 2024 01:53:42.674683000 EDT",1723355622.674683000,118,60,60,0x0800,4,20,,0x27be,0x00,0,0,0,0,254,6,0x153d,192.168.255.1,192.168.255.129,40,0x00,63019,19591,1,0,0,20,0x0004,0,0,1,0,0,0,0,1200,0x98b3,0,
1,"Aug 11, 2024 01:53:42.674683000 EDT",1723355622.674683000,119,60,60,0x0800,4,20,,0x62cc,0x00,0,0,0,0,254,6,0xda2e,192.168.255.1,192.168.255.129,40,0x00,63019,39485,0,0,0,20,0x0002,0,1,0,0,0,0,0,1024,0x3bbd,0,
1,"Aug 11, 2024 01:53:42.674683000 EDT",1723355622.674683000,120,60,60,0x0800,4,20,,0x0e67,0x00,0,0,0,0,254,6,0x2e94,192.168.255.1,192.168.255.129,40,0x00,63019,24014,0,0,0,20,0x0002,0,1,0,0,0,0,0,1024,0xce31,0,
1,"Aug 11, 2024 01:53:42.674683000 EDT",1723355622.674683000,121,60,60,0x0800,4,20,,0xac19,0x00,0,0,0,0,254,6,0x90e1,192.168.255.1,192.168.255.129,40,0x00,63019,64122,0,0,0,20,0x0002,0,1,0,0,0,0,0,1024,0xc8e5,0,
1,"Aug 11, 2024 01:53:42.674683000 EDT",1723355622.674683000,122,60,60,0x0800,4,20,,0xb7fe,0x00,0,0,0,0,254,6,0x84fc,192.168.255.1,192.168.255.129,40,0x00,63019,52641,0,0,0,20,0x0002,0,1,0,0,0,0,0,1024,0xec42,0,
1,"Aug 11, 2024 01:53:42.674683000 EDT",1723355622.674683000,123,60,60,0x0800,4,20,,0x3f37,0x00,0,0,0,0,254,6,0xfdc3,192.168.255.1,192.168.255.129,40,0x00,63019,49842,0,0,0,20,0x0002,0,1,0,0,0,0,0,1024,0xec5d,0,
1,"Aug 11, 2024 01:53:42.674710000 EDT",1723355622.674710000,124,54,54,0x0800,4,20,,0x0000,0x02,0,1,0,0,64,6,0xbafb,192.168.255.129,192.168.255.1,40,0x00,39485,63019,1,1,0,20,0x0014,0,0,1,0,1,0,0,0,0x3faa,0,
1,"Aug 11, 2024 01:53:42.674773000 EDT",1723355622.674773000,125,54,54,0x0800,4,20,,0x0000,0x02,0,1,0,0,64,6,0xbafb,192.168.255.129,192.168.255.1,40,0x00,24014,63019,1,1,0,20,0x0014,0,0,1,0,1,0,0,0,0xd21e,0,
1,"Aug 11, 2024 01:53:42.674817000 EDT",1723355622.674817000,126,54,54,0x0800,4,20,,0x0000,0x02,0,1,0,0,64,6,0xbafb,192.168.255.129,192.168.255.1,40,0x00,64122,63019,1,1,0,20,0x0014,0,0,1,0,1,0,0,0,0xccd2,0,
1,"Aug 11, 2024 01:53:42.674858000 EDT",1723355622.674858000,127,54,54,0x0800,4,20,,0x0000,0x02,0,1,0,0,64,6,0xbafb,192.168.255.129,192.168.255.1,40,0x00,52641,63019,1,1,0,20,0x0014,0,0,1,0,1,0,0,0,0xf02f,0,
1,"Aug 11, 2024 01:53:42.674901000 EDT",1723355622.674901000,128,54,54,0x0800,4,20,,0x0000,0x02,0,1,0,0,64,6,0xbafb,192.168.255.129,192.168.255.1,40,0x00,49842,63019,1,1,0,20,0x0014,0,0,1,0,1,0,0,0,0xf04a,0,
1,"Aug 11, 2024 01:53:42.689005000 EDT",1723355622.689005000,129,60,60,0x0800,4,20,,0x62cd,0x00,0,0,0,0,254,6,0xda2d,192.168.255.1,192.168.255.129,40,0x00,63019,39485,1,0,0,20,0x0004,0,0,1,0,0,0,0,1200,0x3b0a,0,
1,"Aug 11, 2024 01:53:42.697363000 EDT",1723355622.697363000,130,60,60,0x0800,4,20,,0x0e66,0x00,0,0,0,0,254,6,0x2e95,192.168.255.1,192.168.255.129,40,0x00,63019,24014,1,0,0,20,0x0004,0,0,1,0,0,0,0,1200,0xcd7e,0,
1,"Aug 11, 2024 01:53:42.709106000 EDT",1723355622.709106000,131,60,60,0x0800,4,20,,0xac18,0x00,0,0,0,0,254,6,0x90e2,192.168.255.1,192.168.255.129,40,0x00,63019,64122,1,0,0,20,0x0004,0,0,1,0,0,0,0,1200,0xc832,0,
1,"Aug 11, 2024 01:53:42.719502000 EDT",1723355622.719502000,132,60,60,0x0800,4,20,,0x3f36,0x00,0,0,0,0,254,6,0xfdc4,192.168.255.1,192.168.255.129,40,0x00,63019,49842,1,0,0,20,0x0004,0,0,1,0,0,0,0,1200,0xebaa,0,
1,"Aug 11, 2024 01:53:42.729534000 EDT",1723355622.729534000,133,60,60,0x0800,4,20,,0xb7ff,0x00,0,0,0,0,254,6,0x84fb,192.168.255.1,192.168.255.129,40,0x00,63019,52641,1,0,0,20,0x0004,0,0,1,0,0,0,0,1200,0xeb8f,0,
1,"Aug 11, 2024 01:53:42.741302000 EDT",1723355622.741302000,134,60,60,0x0800,4,20,,0x47f1,0x00,0,0,0,0,254,6,0xf509,192.168.255.1,192.168.255.129,40,0x00,63019,54517,0,0,0,20,0x0002,0,1,0,0,0,0,0,1024,0xd119,0,
1,"Aug 11, 2024 01:53:42.741332000 EDT",1723355622.741332000,135,54,54,0x0800,4,20,,0x0000,0x02,0,1,0,0,64,6,0xbafb,192.168.255.129,192.168.255.1,40,0x00,54517,63019,1,1,0,20,0x0014,0,0,1,0,1,0,0,0,0xd506,0,
1,"Aug 11, 2024 01:53:42.751739000 EDT",1723355622.751739000,136,60,60,0x0800,4,20,,0x47f2,0x00,0,0,0,0,254,6,0xf508,192.168.255.1,192.168.255.129,40,0x00,63019,54517,1,0,0,20,0x0004,0,0,1,0,0,0,0,1200,0xd066,0,
1,"Aug 11, 2024 01:53:42.756070000 EDT",1723355622.756070000,137,138,138,0x0800,4,20,,0xc533,0x02,0,1,0,0,64,6,0xf56b,192.168.255.129,192.168.255.1,124,0x08,22,63117,85,125,84,20,0x0018,0,0,0,1,1,0,0,6265,0x8043,0,
1,"Aug 11, 2024 01:53:42.763160000 EDT",1723355622.763160000,138,60,60,0x0800,4,20,,0xf284,0x00,0,0,0,0,254,6,0x4a76,192.168.255.1,192.168.255.129,40,0x00,63019,41648,0,0,0,20,0x0002,0,1,0,0,0,0,0,1024,0xb196,0,
1,"Aug 11, 2024 01:53:42.763181000 EDT",1723355622.763181000,139,54,54,0x0800,4,20,,0x0000,0x02,0,1,0,0,64,6,0xbafb,192.168.255.129,192.168.255.1,40,0x00,41648,63019,1,1,0,20,0x0014,0,0,1,0,1,0,0,0,0xb583,0,
1,"Aug 11, 2024 01:53:42.773461000 EDT",1723355622.773461000,140,60,60,0x0800,4,20,,0xf287,0x00,0,0,0,0,254,6,0x4a73,192.168.255.1,192.168.255.129,40,0x00,63019,41648,1,0,0,20,0x0004,0,0,1,0,0,0,0,1200,0xb0e3,0,
1,"Aug 11, 2024 01:53:42.784551000 EDT",1723355622.784551000,141,60,60,0x0800,4,20,,0xba79,0x00,0,0,0,0,254,6,0x8281,192.168.255.1,192.168.255.129,40,0x00,63019,53998,0,0,0,20,0x0002,0,1,0,0,0,0,0,1024,0x94bc,0,
1,"Aug 11, 2024 01:53:42.784569000 EDT",1723355622.784569000,142,54,54,0x0800,4,20,,0x0000,0x02,0,1,0,0,64,6,0xbafb,192.168.255.129,192.168.255.1,40,0x00,53998,63019,1,1,0,20,0x0014,0,0,1,0,1,0,0,0,0x98a9,0,
1,"Aug 11, 2024 01:53:42.793586000 EDT",1723355622.793586000,143,60,60,0x0800,4,20,,0xba78,0x00,0,0,0,0,254,6,0x8282,192.168.255.1,192.168.255.129,40,0x00,63019,53998,1,0,0,20,0x0004,0,0,1,0,0,0,0,1200,0x9409,0,
1,"Aug 11, 2024 01:53:42.797871000 EDT",1723355622.797871000,144,60,60,0x0800,4,20,,0x846d,0x02,0,1,0,0,128,6,0xf68d,192.168.255.1,192.168.255.129,40,0x00,63117,22,125,169,0,20,0x0010,0,0,0,0,1,0,0,4101,0x80d7,0,
1,"Aug 11, 2024 01:53:42.804287000 EDT",1723355622.804287000,145,60,60,0x0800,4,20,,0x6050,0x00,0,0,0,0,254,6,0xdcaa,192.168.255.1,192.168.255.129,40,0x00,63019,24100,0,0,0,20,0x0002,0,1,0,0,0,0,0,1024,0xc439,0,
1,"Aug 11, 2024 01:53:42.804301000 EDT",1723355622.804301000,146,54,54,0x0800,4,20,,0x0000,0x02,0,1,0,0,64,6,0xbafb,192.168.255.129,192.168.255.1,40,0x00,24100,63019,1,1,0,20,0x0014,0,0,1,0,1,0,0,0,0xc826,0,
1,"Aug 11, 2024 01:53:42.814387000 EDT",1723355622.814387000,147,60,60,0x0800,4,20,,0x6053,0x00,0,0,0,0,254,6,0xdca7,192.168.255.1,192.168.255.129,40,0x00,63019,24100,1,0,0,20,0x0004,0,0,1,0,0,0,0,1200,0xc386,0,
1,"Aug 11, 2024 01:53:42.825308000 EDT",1723355622.825308000,148,60,60,0x0800,4,20,,0xcc0e,0x00,0,0,0,0,254,6,0x70ec,192.168.255.1,192.168.255.129,40,0x00,63019,44342,0,0,0,20,0x0002,0,1,0,0,0,0,0,1024,0xe6a4,0,
1,"Aug 11, 2024 01:53:42.825328000 EDT",1723355622.825328000,149,54,54,0x0800,4,20,,0x0000,0x02,0,1,0,0,64,6,0xbafb,192.168.255.129,192.168.255.1,40,0x00,44342,63019,1,1,0,20,0x0014,0,0,1,0,1,0,0,0,0xea91,0,
1,"Aug 11, 2024 01:53:42.835268000 EDT",1723355622.835268000,150,60,60,0x0800,4,20,,0xcc0d,0x00,0,0,0,0,254,6,0x70ed,192.168.255.1,192.168.255.129,40,0x00,63019,44342,1,0,0,20,0x0004,0,0,1,0,0,0,0,1200,0xe5f1,0,
1,"Aug 11, 2024 01:53:42.846077000 EDT",1723355622.846077000,151,60,60,0x0800,4,20,,0x9370,0x00,0,0,0,0,254,6,0xa98a,192.168.255.1,192.168.255.129,40,0x00,63019,53053,0,0,0,20,0x0002,0,1,0,0,0,0,0,1024,0x4640,0,
1,"Aug 11, 2024 01:53:42.846095000 EDT",1723355622.846095000,152,54,54,0x0800,4,20,,0x0000,0x02,0,1,0,0,64,6,0xbafb,192.168.255.129,192.168.255.1,40,0x00,53053,63019,1,1,0,20,0x0014,0,0,1,0,1,0,0,0,0x4a2d,0,
1,"Aug 11, 2024 01:53:42.856103000 EDT",1723355622.856103000,153,60,60,0x0800,4,20,,0x9371,0x00,0,0,0,0,254,6,0xa989,192.168.255.1,192.168.255.129,40,0x00,63019,53053,1,0,0,20,0x0004,0,0,1,0,0,0,0,1200,0x458d,0,
1,"Aug 11, 2024 01:53:42.866010000 EDT",1723355622.866010000,154,60,60,0x0800,4,20,,0x1981,0x00,0,0,0,0,254,6,0x237a,192.168.255.1,192.168.255.129,40,0x00,63019,50580,0,0,0,20,0x0002,0,1,0,0,0,0,0,1024,0xb77b,0,
1,"Aug 11, 2024 01:53:42.866038000 EDT",1723355622.866038000,155,54,54,0x0800,4,20,,0x0000,0x02,0,1,0,0,64,6,0xbafb,192.168.255.129,192.168.255.1,40,0x00,50580,63019,1,1,0,20,0x0014,0,0,1,0,1,0,0,0,0xbb68,0,
1,"Aug 11, 2024 01:53:42.876509000 EDT",1723355622.876509000,156,60,60,0x0800,4,20,,0x1980,0x00,0,0,0,0,254,6,0x237b,192.168.255.1,192.168.255.129,40,0x00,63019,50580,1,0,0,20,0x0004,0,0,1,0,0,0,0,1200,0xb6c8,0,
1,"Aug 11, 2024 01:53:42.886959000 EDT",1723355622.886959000,157,60,60,0x0800,4,20,,0x826a,0x00,0,0,0,0,254,6,0xba90,192.168.255.1,192.168.255.129,40,0x00,63019,12361,0,0,0,20,0x0002,0,1,0,0,0,0,0,1024,0xe70d,0,
1,"Aug 11, 2024 01:53:42.886981000 EDT",1723355622.886981000,158,54,54,0x0800,4,20,,0x0000,0x02,0,1,0,0,64,6,0xbafb,192.168.255.129,192.168.255.1,40,0x00,12361,63019,1,1,0,20,0x0014,0,0,1,0,1,0,0,0,0xeafa,0,
1,"Aug 11, 2024 01:53:42.896750000 EDT",1723355622.896750000,159,60,60,0x0800,4,20,,0x826b,0x00,0,0,0,0,254,6,0xba8f,192.168.255.1,192.168.255.129,40,0x00,63019,12361,1,0,0,20,0x0004,0,0,1,0,0,0,0,1200,0xe65a,0,
1,"Aug 11, 2024 01:53:42.906187000 EDT",1723355622.906187000,160,60,60,0x0800,4,20,,0xa124,0x00,0,0,0,0,254,6,0x9bd6,192.168.255.1,192.168.255.129,40,0x00,63019,10796,0,0,0,20,0x0002,0,1,0,0,0,0,0,1024,0x0314,0,
1,"Aug 11, 2024 01:53:42.906206000 EDT",1723355622.906206000,161,54,54,0x0800,4,20,,0x0000,0x02,0,1,0,0,64,6,0xbafb,192.168.255.129,192.168.255.1,40,0x00,10796,63019,1,1,0,20,0x0014,0,0,1,0,1,0,0,0,0x0701,0,
1,"Aug 11, 2024 01:53:42.917475000 EDT",1723355622.917475000,162,60,60,0x0800,4,20,,0xa127,0x00,0,0,0,0,254,6,0x9bd3,192.168.255.1,192.168.255.129,40,0x00,63019,10796,1,0,0,20,0x0004,0,0,1,0,0,0,0,1200,0x0261,0,
1,"Aug 11, 2024 01:53:42.926348000 EDT",1723355622.926348000,163,60,60,0x0800,4,20,,0xebd1,0x00,0,0,0,0,254,6,0x5129,192.168.255.1,192.168.255.129,40,0x00,63019,40884,0,0,0,20,0x0002,0,1,0,0,0,0,0,1024,0x147d,0,
1,"Aug 11, 2024 01:53:42.926369000 EDT",1723355622.926369000,164,54,54,0x0800,4,20,,0x0000,0x02,0,1,0,0,64,6,0xbafb,192.168.255.129,192.168.255.1,40,0x00,40884,63019,1,1,0,20,0x0014,0,0,1,0,1,0,0,0,0x186a,0,
1,"Aug 11, 2024 01:53:42.937644000 EDT",1723355622.937644000,165,60,60,0x0800,4,20,,0xebd0,0x00,0,0,0,0,254,6,0x512a,192.168.255.1,192.168.255.129,40,0x00,63019,40884,1,0,0,20,0x0004,0,0,1,0,0,0,0,1200,0x13ca,0,
1,"Aug 11, 2024 01:53:42.947137000 EDT",1723355622.947137000,166,60,60,0x0800,4,20,,0x31c5,0x00,0,0,0,0,254,6,0x0b36,192.168.255.1,192.168.255.129,40,0x00,63019,61698,0,0,0,20,0x0002,0,1,0,0,0,0,0,1024,0x2f98,0,
1,"Aug 11, 2024 01:53:42.947154000 EDT",1723355622.947154000,167,54,54,0x0800,4,20,,0x0000,0x02,0,1,0,0,64,6,0xbafb,192.168.255.129,192.168.255.1,40,0x00,61698,63019,1,1,0,20,0x0014,0,0,1,0,1,0,0,0,0x3385,0,
1,"Aug 11, 2024 01:53:42.957606000 EDT",1723355622.957606000,168,60,60,0x0800,4,20,,0x31c4,0x00,0,0,0,0,254,6,0x0b37,192.168.255.1,192.168.255.129,40,0x00,63019,61698,1,0,0,20,0x0004,0,0,1,0,0,0,0,1200,0x2ee5,0,
1,"Aug 11, 2024 01:53:42.962152000 EDT",1723355622.962152000,169,60,60,0x0800,4,20,,0x9694,0x00,0,0,0,0,254,6,0xa666,192.168.255.1,192.168.255.129,40,0x00,63019,24909,0,0,0,20,0x0002,0,1,0,0,0,0,0,1024,0xe468,0,
1,"Aug 11, 2024 01:53:42.962167000 EDT",1723355622.962167000,170,54,54,0x0800,4,20,,0x0000,0x02,0,1,0,0,64,6,0xbafb,192.168.255.129,192.168.255.1,40,0x00,24909,63019,1,1,0,20,0x0014,0,0,1,0,1,0,0,0,0xe855,0,
1,"Aug 11, 2024 01:53:43.001401000 EDT",1723355623.001401000,171,60,60,0x0800,4,20,,0x0a51,0x00,0,0,0,0,254,6,0x32aa,192.168.255.1,192.168.255.129,40,0x00,63019,57720,0,0,0,20,0x0002,0,1,0,0,0,0,0,1024,0xb541,0,
1,"Aug 11, 2024 01:53:43.001402000 EDT",1723355623.001402000,172,60,60,0x0800,4,20,,0x9695,0x00,0,0,0,0,254,6,0xa665,192.168.255.1,192.168.255.129,40,0x00,63019,24909,1,0,0,20,0x0004,0,0,1,0,0,0,0,1200,0xe3b5,0,
1,"Aug 11, 2024 01:53:43.001402000 EDT",1723355623.001402000,173,60,60,0x0800,4,20,,0x9298,0x00,0,0,0,0,254,6,0xaa62,192.168.255.1,192.168.255.129,40,0x00,63019,10202,0,0,0,20,0x0002,0,1,0,0,0,0,0,1024,0x2fa9,0,
1,"Aug 11, 2024 01:53:43.001402000 EDT",1723355623.001402000,174,60,60,0x0800,4,20,,0x0a0b,0x00,0,0,0,0,254,6,0x32f0,192.168.255.1,192.168.255.129,40,0x00,63019,34493,0,0,0,20,0x0002,0,1,0,0,0,0,0,1024,0xfee9,0,
1,"Aug 11, 2024 01:53:43.001402000 EDT",1723355623.001402000,175,60,60,0x0800,4,20,,0xd0fb,0x00,0,0,0,0,254,6,0x6bff,192.168.255.1,192.168.255.129,40,0x00,63019,17123,0,0,0,20,0x0002,0,1,0,0,0,0,0,1024,0x9b2d,0,
1,"Aug 11, 2024 01:53:43.001423000 EDT",1723355623.001423000,176,54,54,0x0800,4,20,,0x0000,0x02,0,1,0,0,64,6,0xbafb,192.168.255.129,192.168.255.1,40,0x00,57720,63019,1,1,0,20,0x0014,0,0,1,0,1,0,0,0,0xb92e,0,
1,"Aug 11, 2024 01:53:43.001481000 EDT",1723355623.001481000,177,54,54,0x0800,4,20,,0x0000,0x02,0,1,0,0,64,6,0xbafb,192.168.255.129,192.168.255.1,40,0x00,10202,63019,1,1,0,20,0x0014,0,0,1,0,1,0,0,0,0x3396,0,
1,"Aug 11, 2024 01:53:43.001514000 EDT",1723355623.001514000,178,54,54,0x0800,4,20,,0x0000,0x02,0,1,0,0,64,6,0xbafb,192.168.255.129,192.168.255.1,40,0x00,34493,63019,1,1,0,20,0x0014,0,0,1,0,1,0,0,0,0x02d7,0,
1,"Aug 11, 2024 01:53:43.001548000 EDT",1723355623.001548000,179,54,54,0x0800,4,20,,0x0000,0x02,0,1,0,0,64,6,0xbafb,192.168.255.129,192.168.255.1,40,0x00,17123,63019,1,1,0,20,0x0014,0,0,1,0,1,0,0,0,0x9f1a,0,
1,"Aug 11, 2024 01:53:43.013691000 EDT",1723355623.013691000,180,60,60,0x0800,4,20,,0x0a50,0x00,0,0,0,0,254,6,0x32ab,192.168.255.1,192.168.255.129,40,0x00,63019,57720,1,0,0,20,0x0004,0,0,1,0,0,0,0,1200,0xb48e,0,
1,"Aug 11, 2024 01:53:43.021785000 EDT",1723355623.021785000,181,60,60,0x0800,4,20,,0x929f,0x00,0,0,0,0,254,6,0xaa5b,192.168.255.1,192.168.255.129,40,0x00,63019,10202,1,0,0,20,0x0004,0,0,1,0,0,0,0,1200,0x2ef6,0,
1,"Aug 11, 2024 01:53:43.033139000 EDT",1723355623.033139000,182,60,60,0x0800,4,20,,0x0a04,0x00,0,0,0,0,254,6,0x32f7,192.168.255.1,192.168.255.129,40,0x00,63019,34493,1,0,0,20,0x0004,0,0,1,0,0,0,0,1200,0xfe36,0,
1,"Aug 11, 2024 01:53:43.044053000 EDT",1723355623.044053000,183,60,60,0x0800,4,20,,0xd0f8,0x00,0,0,0,0,254,6,0x6c02,192.168.255.1,192.168.255.129,40,0x00,63019,17123,1,0,0,20,0x0004,0,0,1,0,0,0,0,1200,0x9a7a,0,
1,"Aug 11, 2024 01:53:43.054332000 EDT",1723355623.054332000,184,60,60,0x0800,4,20,,0xd797,0x00,0,0,0,0,254,6,0x6563,192.168.255.1,192.168.255.129,40,0x00,63019,9659,0,0,0,20,0x0002,0,1,0,0,0,0,0,1024,0x93bf,0,
1,"Aug 11, 2024 01:53:43.054349000 EDT",1723355623.054349000,185,54,54,0x0800,4,20,,0x0000,0x02,0,1,0,0,64,6,0xbafb,192.168.255.129,192.168.255.1,40,0x00,9659,63019,1,1,0,20,0x0014,0,0,1,0,1,0,0,0,0x97ac,0,
1,"Aug 11, 2024 01:53:43.066572000 EDT",1723355623.066572000,186,60,60,0x0800,4,20,,0xd794,0x00,0,0,0,0,254,6,0x6566,192.168.255.1,192.168.255.129,40,0x00,63019,9659,1,0,0,20,0x0004,0,0,1,0,0,0,0,1200,0x930c,0,
1,"Aug 11, 2024 01:53:43.077546000 EDT",1723355623.077546000,187,60,60,0x0800,4,20,,0x6ff9,0x00,0,0,0,0,254,6,0xcd01,192.168.255.1,192.168.255.129,40,0x00,63019,1331,0,0,0,20,0x0002,0,1,0,0,0,0,0,1024,0xbded,0,
1,"Aug 11, 2024 01:53:43.077567000 EDT",1723355623.077567000,188,54,54,0x0800,4,20,,0x0000,0x02,0,1,0,0,64,6,0xbafb,192.168.255.129,192.168.255.1,40,0x00,1331,63019,1,1,0,20,0x0014,0,0,1,0,1,0,0,0,0xc1da,0,
1,"Aug 11, 2024 01:53:43.089510000 EDT",1723355623.089510000,189,60,60,0x0800,4,20,,0x6ffe,0x00,0,0,0,0,254,6,0xccfc,192.168.255.1,192.168.255.129,40,0x00,63019,1331,1,0,0,20,0x0004,0,0,1,0,0,0,0,1200,0xbd3a,0,
1,"Aug 11, 2024 01:53:43.100250000 EDT",1723355623.100250000,190,60,60,0x0800,4,20,,0xff45,0x00,0,0,0,0,254,6,0x3db5,192.168.255.1,192.168.255.129,40,0x00,63019,7570,0,0,0,20,0x0002,0,1,0,0,0,0,0,1024,0xd673,0,
1,"Aug 11, 2024 01:53:43.100268000 EDT",1723355623.100268000,191,54,54,0x0800,4,20,,0x0000,0x02,0,1,0,0,64,6,0xbafb,192.168.255.129,192.168.255.1,40,0x00,7570,63019,1,1,0,20,0x0014,0,0,1,0,1,0,0,0,0xda60,0,
1,"Aug 11, 2024 01:53:43.111609000 EDT",1723355623.111609000,192,60,60,0x0800,4,20,,0xff44,0x00,0,0,0,0,254,6,0x3db6,192.168.255.1,192.168.255.129,40,0x00,63019,7570,1,0,0,20,0x0004,0,0,1,0,0,0,0,1200,0xd5c0,0,
1,"Aug 11, 2024 01:53:43.120764000 EDT",1723355623.120764000,193,60,60,0x0800,4,20,,0xaf49,0x00,0,0,0,0,254,6,0x8db1,192.168.255.1,192.168.255.129,40,0x00,63019,52960,0,0,0,20,0x0002,0,1,0,0,0,0,0,1024,0x5fc3,0,
1,"Aug 11, 2024 01:53:43.120779000 EDT",1723355623.120779000,194,54,54,0x0800,4,20,,0x0000,0x02,0,1,0,0,64,6,0xbafb,192.168.255.129,192.168.255.1,40,0x00,52960,63019,1,1,0,20,0x0014,0,0,1,0,1,0,0,0,0x63b0,0,
1,"Aug 11, 2024 01:53:43.131458000 EDT",1723355623.131458000,195,60,60,0x0800,4,20,,0xaf48,0x00,0,0,0,0,254,6,0x8db2,192.168.255.1,192.168.255.129,40,0x00,63019,52960,1,0,0,20,0x0004,0,0,1,0,0,0,0,1200,0x5f10,0,
1,"Aug 11, 2024 01:53:43.141658000 EDT",1723355623.141658000,196,60,60,0x0800,4,20,,0x30d4,0x00,0,0,0,0,254,6,0x0c27,192.168.255.1,192.168.255.129,40,0x00,63019,17683,0,0,0,20,0x0002,0,1,0,0,0,0,0,1024,0x88a7,0,
1,"Aug 11, 2024 01:53:43.141682000 EDT",1723355623.141682000,197,54,54,0x0800,4,20,,0x0000,0x02,0,1,0,0,64,6,0xbafb,192.168.255.129,192.168.255.1,40,0x00,17683,63019,1,1,0,20,0x0014,0,0,1,0,1,0,0,0,0x8c94,0,
1,"Aug 11, 2024 01:53:43.152814000 EDT",1723355623.152814000,198,60,60,0x0800,4,20,,0x30d5,0x00,0,0,0,0,254,6,0x0c26,192.168.255.1,192.168.255.129,40,0x00,63019,17683,1,0,0,20,0x0004,0,0,1,0,0,0,0,1200,0x87f4,0,
1,"Aug 11, 2024 01:53:43.163009000 EDT",1723355623.163009000,199,60,60,0x0800,4,20,,0xe33a,0x00,0,0,0,0,254,6,0x59c0,192.168.255.1,192.168.255.129,40,0x00,63019,46524,0,0,0,20,0x0002,0,1,0,0,0,0,0,1024,0x8c58,0,
1,"Aug 11, 2024 01:53:43.163028000 EDT",1723355623.163028000,200,54,54,0x0800,4,20,,0x0000,0x02,0,1,0,0,64,6,0xbafb,192.168.255.129,192.168.255.1,40,0x00,46524,63019,1,1,0,20,0x0014,0,0,1,0,1,0,0,0,0x9045,0,
1,"Aug 11, 2024 01:53:43.174010000 EDT",1723355623.174010000,201,60,60,0x0800,4,20,,0xe335,0x00,0,0,0,0,254,6,0x59c5,192.168.255.1,192.168.255.129,40,0x00,63019,46524,1,0,0,20,0x0004,0,0,1,0,0,0,0,1200,0x8ba5,0,
1,"Aug 11, 2024 01:53:43.184128000 EDT",1723355623.184128000,202,60,60,0x0800,4,20,,0xd253,0x00,0,0,0,0,254,6,0x6aa7,192.168.255.1,192.168.255.129,40,0x00,63019,42889,0,0,0,20,0x0002,0,1,0,0,0,0,0,1024,0xdc6e,0,
1,"Aug 11, 2024 01:53:43.184147000 EDT",1723355623.184147000,203,54,54,0x0800,4,20,,0x0000,0x02,0,1,0,0,64,6,0xbafb,192.168.255.129,192.168.255.1,40,0x00,42889,63019,1,1,0,20,0x0014,0,0,1,0,1,0,0,0,0xe05b,0,
1,"Aug 11, 2024 01:53:43.193989000 EDT",1723355623.193989000,204,60,60,0x0800,4,20,,0xd254,0x00,0,0,0,0,254,6,0x6aa6,192.168.255.1,192.168.255.129,40,0x00,63019,42889,1,0,0,20,0x0004,0,0,1,0,0,0,0,1200,0xdbbb,0,
1,"Aug 11, 2024 01:53:43.205398000 EDT",1723355623.205398000,205,60,60,0x0800,4,20,,0x5dde,0x00,0,0,0,0,254,6,0xdf1c,192.168.255.1,192.168.255.129,40,0x00,63019,52932,0,0,0,20,0x0002,0,1,0,0,0,0,0,1024,0x4561,0,
1,"Aug 11, 2024 01:53:43.205415000 EDT",1723355623.205415000,206,54,54,0x0800,4,20,,0x0000,0x02,0,1,0,0,64,6,0xbafb,192.168.255.129,192.168.255.1,40,0x00,52932,63019,1,1,0,20,0x0014,0,0,1,0,1,0,0,0,0x494e,0,
1,"Aug 11, 2024 01:53:43.216049000 EDT",1723355623.216049000,207,60,60,0x0800,4,20,,0x5dd9,0x00,0,0,0,0,254,6,0xdf21,192.168.255.1,192.168.255.129,40,0x00,63019,52932,1,0,0,20,0x0004,0,0,1,0,0,0,0,1200,0x44ae,0,
1,"Aug 11, 2024 01:53:43.225233000 EDT",1723355623.225233000,208,60,60,0x0800,4,20,,0x747a,0x00,0,0,0,0,254,6,0xc880,192.168.255.1,192.168.255.129,40,0x00,63019,7252,0,0,0,20,0x0002,0,1,0,0,0,0,0,1024,0xc402,0,
1,"Aug 11, 2024 01:53:43.225248000 EDT",1723355623.225248000,209,54,54,0x0800,4,20,,0x0000,0x02,0,1,0,0,64,6,0xbafb,192.168.255.129,192.168.255.1,40,0x00,7252,63019,1,1,0,20,0x0014,0,0,1,0,1,0,0,0,0xc7ef,0,
1,"Aug 11, 2024 01:53:43.235008000 EDT",1723355623.235008000,210,60,60,0x0800,4,20,,0x7465,0x00,0,0,0,0,254,6,0xc895,192.168.255.1,192.168.255.129,40,0x00,63019,7252,1,0,0,20,0x0004,0,0,1,0,0,0,0,1200,0xc34f,0,
1,"Aug 11, 2024 01:53:43.247242000 EDT",1723355623.247242000,211,60,60,0x0800,4,20,,0x3a17,0x00,0,0,0,0,254,6,0x02e4,192.168.255.1,192.168.255.129,40,0x00,63019,34260,0,0,0,20,0x0002,0,1,0,0,0,0,0,1024,0x65bc,0,
1,"Aug 11, 2024 01:53:43.247263000 EDT",1723355623.247263000,212,54,54,0x0800,4,20,,0x0000,0x02,0,1,0,0,64,6,0xbafb,192.168.255.129,192.168.255.1,40,0x00,34260,63019,1,1,0,20,0x0014,0,0,1,0,1,0,0,0,0x69a9,0,
1,"Aug 11, 2024 01:53:43.254224000 EDT",1723355623.254224000,213,60,60,0x0800,4,20,,0x3a16,0x00,0,0,0,0,254,6,0x02e5,192.168.255.1,192.168.255.129,40,0x00,63019,34260,1,0,0,20,0x0004,0,0,1,0,0,0,0,1200,0x6509,0,
1,"Aug 11, 2024 01:53:43.267535000 EDT",1723355623.267535000,214,60,60,0x0800,4,20,,0x0cb3,0x00,0,0,0,0,254,6,0x3048,192.168.255.1,192.168.255.129,40,0x00,63019,23904,0,0,0,20,0x0002,0,1,0,0,0,0,0,1024,0xef30,0,
1,"Aug 11, 2024 01:53:43.267552000 EDT",1723355623.267552000,215,54,54,0x0800,4,20,,0x0000,0x02,0,1,0,0,64,6,0xbafb,192.168.255.129,192.168.255.1,40,0x00,23904,63019,1,1,0,20,0x0014,0,0,1,0,1,0,0,0,0xf31d,0,
1,"Aug 11, 2024 01:53:43.276404000 EDT",1723355623.276404000,216,60,60,0x0800,4,20,,0x0cb2,0x00,0,0,0,0,254,6,0x3049,192.168.255.1,192.168.255.129,40,0x00,63019,23904,1,0,0,20,0x0004,0,0,1,0,0,0,0,1200,0xee7d,0,
1,"Aug 11, 2024 01:53:43.287092000 EDT",1723355623.287092000,217,60,60,0x0800,4,20,,0xd5f4,0x00,0,0,0,0,254,6,0x6706,192.168.255.1,192.168.255.129,40,0x00,63019,36141,0,0,0,20,0x0002,0,1,0,0,0,0,0,1024,0xbeff,0,
1,"Aug 11, 2024 01:53:43.287105000 EDT",1723355623.287105000,218,54,54,0x0800,4,20,,0x0000,0x02,0,1,0,0,64,6,0xbafb,192.168.255.129,192.168.255.1,40,0x00,36141,63019,1,1,0,20,0x0014,0,0,1,0,1,0,0,0,0xc2ec,0,
1,"Aug 11, 2024 01:53:43.290082000 EDT",1723355623.290082000,219,60,60,0x0800,4,20,,0xd5f5,0x00,0,0,0,0,254,6,0x6705,192.168.255.1,192.168.255.129,40,0x00,63019,36141,1,0,0,20,0x0004,0,0,1,0,0,0,0,1200,0xbe4c,0,
1,"Aug 11, 2024 01:53:43.321085000 EDT",1723355623.321085000,220,60,60,0x0800,4,20,,0x0527,0x00,0,0,0,0,254,6,0x37d4,192.168.255.1,192.168.255.129,40,0x00,63019,9436,0,0,0,20,0x0002,0,1,0,0,0,0,0,1024,0xefc6,0,
1,"Aug 11, 2024 01:53:43.321085000 EDT",1723355623.321085000,221,60,60,0x0800,4,20,,0xb2e5,0x00,0,0,0,0,254,6,0x8a15,192.168.255.1,192.168.255.129,40,0x00,63019,12930,0,0,0,20,0x0002,0,1,0,0,0,0,0,1024,0x0c11,0,
1,"Aug 11, 2024 01:53:43.321085000 EDT",1723355623.321085000,222,60,60,0x0800,4,20,,0xe36b,0x00,0,0,0,0,254,6,0x598f,192.168.255.1,192.168.255.129,40,0x00,63019,5088,0,0,0,20,0x0002,0,1,0,0,0,0,0,1024,0x0e3e,0,
1,"Aug 11, 2024 01:53:43.321085000 EDT",1723355623.321085000,223,60,60,0x0800,4,20,,0x7dbc,0x00,0,0,0,0,254,6,0xbf3e,192.168.255.1,192.168.255.129,40,0x00,63019,7349,0,0,0,20,0x0002,0,1,0,0,0,0,0,1024,0xa5aa,0,
1,"Aug 11, 2024 01:53:43.321104000 EDT",1723355623.321104000,224,54,54,0x0800,4,20,,0x0000,0x02,0,1,0,0,64,6,0xbafb,192.168.255.129,192.168.255.1,40,0x00,9436,63019,1,1,0,20,0x0014,0,0,1,0,1,0,0,0,0xf3b3,0,
1,"Aug 11, 2024 01:53:43.321156000 EDT",1723355623.321156000,225,54,54,0x0800,4,20,,0x0000,0x02,0,1,0,0,64,6,0xbafb,192.168.255.129,192.168.255.1,40,0x00,12930,63019,1,1,0,20,0x0014,0,0,1,0,1,0,0,0,0x0ffe,0,
1,"Aug 11, 2024 01:53:43.321190000 EDT",1723355623.321190000,226,54,54,0x0800,4,20,,0x0000,0x02,0,1,0,0,64,6,0xbafb,192.168.255.129,192.168.255.1,40,0x00,5088,63019,1,1,0,20,0x0014,0,0,1,0,1,0,0,0,0x122b,0,
1,"Aug 11, 2024 01:53:43.321222000 EDT",1723355623.321222000,227,54,54,0x0800,4,20,,0x0000,0x02,0,1,0,0,64,6,0xbafb,192.168.255.129,192.168.255.1,40,0x00,7349,63019,1,1,0,20,0x0014,0,0,1,0,1,0,0,0,0xa997,0,
1,"Aug 11, 2024 01:53:43.329337000 EDT",1723355623.329337000,228,60,60,0x0800,4,20,,0xb2e4,0x00,0,0,0,0,254,6,0x8a16,192.168.255.1,192.168.255.129,40,0x00,63019,12930,1,0,0,20,0x0004,0,0,1,0,0,0,0,1200,0x0b5e,0,
1,"Aug 11, 2024 01:53:43.336771000 EDT",1723355623.336771000,229,60,60,0x0800,4,20,,0x0526,0x00,0,0,0,0,254,6,0x37d5,192.168.255.1,192.168.255.129,40,0x00,63019,9436,1,0,0,20,0x0004,0,0,1,0,0,0,0,1200,0xef13,0,
1,"Aug 11, 2024 01:53:43.347554000 EDT",1723355623.347554000,230,60,60,0x0800,4,20,,0x7dbd,0x00,0,0,0,0,254,6,0xbf3d,192.168.255.1,192.168.255.129,40,0x00,63019,7349,1,0,0,20,0x0004,0,0,1,0,0,0,0,1200,0xa4f7,0,
1,"Aug 11, 2024 01:53:43.358647000 EDT",1723355623.358647000,231,60,60,0x0800,4,20,,0xe36a,0x00,0,0,0,0,254,6,0x5990,192.168.255.1,192.168.255.129,40,0x00,63019,5088,1,0,0,20,0x0004,0,0,1,0,0,0,0,1200,0x0d8b,0,
1,"Aug 11, 2024 01:53:43.369217000 EDT",1723355623.369217000,232,60,60,0x0800,4,20,,0x4d0d,0x00,0,0,0,0,254,6,0xefed,192.168.255.1,192.168.255.129,40,0x00,63019,48995,0,0,0,20,0x0002,0,1,0,0,0,0,0,1024,0x4c27,0,
1,"Aug 11, 2024 01:53:43.369232000 EDT",1723355623.369232000,233,54,54,0x0800,4,20,,0x0000,0x02,0,1,0,0,64,6,0xbafb,192.168.255.129,192.168.255.1,40,0x00,48995,63019,1,1,0,20,0x0014,0,0,1,0,1,0,0,0,0x5014,0,
1,"Aug 11, 2024 01:53:43.381789000 EDT",1723355623.381789000,234,60,60,0x0800,4,20,,0x4d12,0x00,0,0,0,0,254,6,0xefe8,192.168.255.1,192.168.255.129,40,0x00,63019,48995,1,0,0,20,0x0004,0,0,1,0,0,0,0,1200,0x4b74,0,
1,"Aug 11, 2024 01:53:43.393182000 EDT",1723355623.393182000,235,60,60,0x0800,4,20,,0x5888,0x00,0,0,0,0,254,6,0xe472,192.168.255.1,192.168.255.129,40,0x00,63019,8246,0,0,0,20,0x0002,0,1,0,0,0,0,0,1024,0xee95,0,
1,"Aug 11, 2024 01:53:43.393198000 EDT",1723355623.393198000,236,54,54,0x0800,4,20,,0x0000,0x02,0,1,0,0,64,6,0xbafb,192.168.255.129,192.168.255.1,40,0x00,8246,63019,1,1,0,20,0x0014,0,0,1,0,1,0,0,0,0xf282,0,
1,"Aug 11, 2024 01:53:43.405661000 EDT",1723355623.405661000,237,60,60,0x0800,4,20,,0x58f7,0x00,0,0,0,0,254,6,0xe403,192.168.255.1,192.168.255.129,40,0x00,63019,8246,1,0,0,20,0x0004,0,0,1,0,0,0,0,1200,0xede2,0,
1,"Aug 11, 2024 01:53:43.416710000 EDT",1723355623.416710000,238,60,60,0x0800,4,20,,0x24ff,0x00,0,0,0,0,254,6,0x17fc,192.168.255.1,192.168.255.129,40,0x00,63019,45002,0,0,0,20,0x0002,0,1,0,0,0,0,0,1024,0x7677,0,
1,"Aug 11, 2024 01:53:43.416729000 EDT",1723355623.416729000,239,54,54,0x0800,4,20,,0x0000,0x02,0,1,0,0,64,6,0xbafb,192.168.255.129,192.168.255.1,40,0x00,45002,63019,1,1,0,20,0x0014,0,0,1,0,1,0,0,0,0x7a64,0,
1,"Aug 11, 2024 01:53:43.428650000 EDT",1723355623.428650000,240,60,60,0x0800,4,20,,0x24fe,0x00,0,0,0,0,254,6,0x17fd,192.168.255.1,192.168.255.129,40,0x00,63019,45002,1,0,0,20,0x0004,0,0,1,0,0,0,0,1200,0x75c4,0,
1,"Aug 11, 2024 01:53:43.437756000 EDT",1723355623.437756000,241,60,60,0x0800,4,20,,0xacce,0x00,0,0,0,0,254,6,0x902c,192.168.255.1,192.168.255.129,40,0x00,63019,22303,0,0,0,20,0x0002,0,1,0,0,0,0,0,1024,0x9747,0,
1,"Aug 11, 2024 01:53:43.437769000 EDT",1723355623.437769000,242,54,54,0x0800,4,20,,0x0000,0x02,0,1,0,0,64,6,0xbafb,192.168.255.129,192.168.255.1,40,0x00,22303,63019,1,1,0,20,0x0014,0,0,1,0,1,0,0,0,0x9b34,0,
1,"Aug 11, 2024 01:53:43.448574000 EDT",1723355623.448574000,243,60,60,0x0800,4,20,,0xaccf,0x00,0,0,0,0,254,6,0x902b,192.168.255.1,192.168.255.129,40,0x00,63019,22303,1,0,0,20,0x0004,0,0,1,0,0,0,0,1200,0x9694,0,
1,"Aug 11, 2024 01:53:43.458969000 EDT",1723355623.458969000,244,60,60,0x0800,4,20,,0x7cb9,0x00,0,0,0,0,254,6,0xc041,192.168.255.1,192.168.255.129,40,0x00,63019,38156,0,0,0,20,0x0002,0,1,0,0,0,0,0,1024,0x6c10,0,
1,"Aug 11, 2024 01:53:43.458984000 EDT",1723355623.458984000,245,54,54,0x0800,4,20,,0x0000,0x02,0,1,0,0,64,6,0xbafb,192.168.255.129,192.168.255.1,40,0x00,38156,63019,1,1,0,20,0x0014,0,0,1,0,1,0,0,0,0x6ffd,0,
1,"Aug 11, 2024 01:53:43.470223000 EDT",1723355623.470223000,246,60,60,0x0800,4,20,,0x7cb8,0x00,0,0,0,0,254,6,0xc042,192.168.255.1,192.168.255.129,40,0x00,63019,38156,1,0,0,20,0x0004,0,0,1,0,0,0,0,1200,0x6b5d,0,
1,"Aug 11, 2024 01:53:43.480582000 EDT",1723355623.480582000,247,60,60,0x0800,4,20,,0xf5f7,0x00,0,0,0,0,254,6,0x4703,192.168.255.1,192.168.255.129,40,0x00,63019,11310,0,0,0,20,0x0002,0,1,0,0,0,0,0,1024,0x5f2b,0,
1,"Aug 11, 2024 01:53:43.480600000 EDT",1723355623.480600000,248,54,54,0x0800,4,20,,0x0000,0x02,0,1,0,0,64,6,0xbafb,192.168.255.129,192.168.255.1,40,0x00,11310,63019,1,1,0,20,0x0014,0,0,1,0,1,0,0,0,0x6318,0,
1,"Aug 11, 2024 01:53:43.491713000 EDT",1723355623.491713000,249,60,60,0x0800,4,20,,0xf5f6,0x00,0,0,0,0,254,6,0x4704,192.168.255.1,192.168.255.129,40,0x00,63019,11310,1,0,0,20,0x0004,0,0,1,0,0,0,0,1200,0x5e78,0,
1,"Aug 11, 2024 01:53:43.502133000 EDT",1723355623.502133000,250,60,60,0x0800,4,20,,0xbca4,0x00,0,0,0,0,254,6,0x8056,192.168.255.1,192.168.255.129,40,0x00,63019,57804,0,0,0,20,0x0002,0,1,0,0,0,0,0,1024,0x164c,0,
1,"Aug 11, 2024 01:53:43.502152000 EDT",1723355623.502152000,251,54,54,0x0800,4,20,,0x0000,0x02,0,1,0,0,64,6,0xbafb,192.168.255.129,192.168.255.1,40,0x00,57804,63019,1,1,0,20,0x0014,0,0,1,0,1,0,0,0,0x1a39,0,
1,"Aug 11, 2024 01:53:43.512714000 EDT",1723355623.512714000,252,60,60,0x0800,4,20,,0xbca7,0x00,0,0,0,0,254,6,0x8053,192.168.255.1,192.168.255.129,40,0x00,63019,57804,1,0,0,20,0x0004,0,0,1,0,0,0,0,1200,0x1599,0,
1,"Aug 11, 2024 01:53:43.524447000 EDT",1723355623.524447000,253,60,60,0x0800,4,20,,0xb365,0x00,0,0,0,0,254,6,0x8995,192.168.255.1,192.168.255.129,40,0x00,63019,54571,0,0,0,20,0x0002,0,1,0,0,0,0,0,1024,0x475c,0,
1,"Aug 11, 2024 01:53:43.524460000 EDT",1723355623.524460000,254,54,54,0x0800,4,20,,0x0000,0x02,0,1,0,0,64,6,0xbafb,192.168.255.129,192.168.255.1,40,0x00,54571,63019,1,1,0,20,0x0014,0,0,1,0,1,0,0,0,0x4b49,0,
1,"Aug 11, 2024 01:53:43.535061000 EDT",1723355623.535061000,255,60,60,0x0800,4,20,,0xb37a,0x00,0,0,0,0,254,6,0x8980,192.168.255.1,192.168.255.129,40,0x00,63019,54571,1,0,0,20,0x0004,0,0,1,0,0,0,0,1200,0x46a9,0,
1,"Aug 11, 2024 01:53:43.543459000 EDT",1723355623.543459000,256,60,60,0x0800,4,20,,0x29c1,0x00,0,0,0,0,254,6,0x133a,192.168.255.1,192.168.255.129,40,0x00,63019,62591,0,0,0,20,0x0002,0,1,0,0,0,0,0,1024,0xe3b0,0,
1,"Aug 11, 2024 01:53:43.543484000 EDT",1723355623.543484000,257,54,54,0x0800,4,20,,0x0000,0x02,0,1,0,0,64,6,0xbafb,192.168.255.129,192.168.255.1,40,0x00,62591,63019,1,1,0,20,0x0014,0,0,1,0,1,0,0,0,0xe79d,0,
1,"Aug 11, 2024 01:53:43.554121000 EDT",1723355623.554121000,258,60,60,0x0800,4,20,,0x29be,0x00,0,0,0,0,254,6,0x133d,192.168.255.1,192.168.255.129,40,0x00,63019,62591,1,0,0,20,0x0004,0,0,1,0,0,0,0,1200,0xe2fd,0,
1,"Aug 11, 2024 01:53:43.567039000 EDT",1723355623.567039000,259,60,60,0x0800,4,20,,0x66f9,0x00,0,0,0,0,254,6,0xd601,192.168.255.1,192.168.255.129,40,0x00,63019,16309,0,0,0,20,0x0002,0,1,0,0,0,0,0,1024,0x4515,0,
1,"Aug 11, 2024 01:53:43.567058000 EDT",1723355623.567058000,260,54,54,0x0800,4,20,,0x0000,0x02,0,1,0,0,64,6,0xbafb,192.168.255.129,192.168.255.1,40,0x00,16309,63019,1,1,0,20,0x0014,0,0,1,0,1,0,0,0,0x4902,0,
1,"Aug 11, 2024 01:53:43.571588000 EDT",1723355623.571588000,261,60,60,0x0800,4,20,,0x66fa,0x00,0,0,0,0,254,6,0xd600,192.168.255.1,192.168.255.129,40,0x00,63019,16309,1,0,0,20,0x0004,0,0,1,0,0,0,0,1200,0x4462,0,
1,"Aug 11, 2024 01:53:43.587396000 EDT",1723355623.587396000,262,60,60,0x0800,4,20,,0xc62b,0x00,0,0,0,0,254,6,0x76cf,192.168.255.1,192.168.255.129,40,0x00,63019,3960,0,0,0,20,0x0002,0,1,0,0,0,0,0,1024,0x36c3,0,
1,"Aug 11, 2024 01:53:43.587409000 EDT",1723355623.587409000,263,54,54,0x0800,4,20,,0x0000,0x02,0,1,0,0,64,6,0xbafb,192.168.255.129,192.168.255.1,40,0x00,3960,63019,1,1,0,20,0x0014,0,0,1,0,1,0,0,0,0x3ab0,0,
1,"Aug 11, 2024 01:53:43.595594000 EDT",1723355623.595594000,264,60,60,0x0800,4,20,,0xc62a,0x00,0,0,0,0,254,6,0x76d0,192.168.255.1,192.168.255.129,40,0x00,63019,3960,1,0,0,20,0x0004,0,0,1,0,0,0,0,1200,0x3610,0,
1,"Aug 11, 2024 01:53:43.606550000 EDT",1723355623.606550000,265,60,60,0x0800,4,20,,0x7d72,0x00,0,0,0,0,254,6,0xbf88,192.168.255.1,192.168.255.129,40,0x00,63019,20795,0,0,0,20,0x0002,0,1,0,0,0,0,0,1024,0x18a2,0,
1,"Aug 11, 2024 01:53:43.606566000 EDT",1723355623.606566000,266,54,54,0x0800,4,20,,0x0000,0x02,0,1,0,0,64,6,0xbafb,192.168.255.129,192.168.255.1,40,0x00,20795,63019,1,1,0,20,0x0014,0,0,1,0,1,0,0,0,0x1c8f,0,
1,"Aug 11, 2024 01:53:43.608393000 EDT",1723355623.608393000,267,60,60,0x0800,4,20,,0x7d73,0x00,0,0,0,0,254,6,0xbf87,192.168.255.1,192.168.255.129,40,0x00,63019,20795,1,0,0,20,0x0004,0,0,1,0,0,0,0,1200,0x17ef,0,
1,"Aug 11, 2024 01:53:43.634023000 EDT",1723355623.634023000,268,60,60,0x0800,4,20,,0xa940,0x00,0,0,0,0,254,6,0x93ba,192.168.255.1,192.168.255.129,40,0x00,63019,488,0,0,0,20,0x0002,0,1,0,0,0,0,0,1024,0x4c65,0,
1,"Aug 11, 2024 01:53:43.634024000 EDT",1723355623.634024000,269,60,60,0x0800,4,20,,0x609d,0x00,0,0,0,0,254,6,0xdc5d,192.168.255.1,192.168.255.129,40,0x00,63019,64067,0,0,0,20,0x0002,0,1,0,0,0,0,0,1024,0x37ca,0,
1,"Aug 11, 2024 01:53:43.634024000 EDT",1723355623.634024000,270,60,60,0x0800,4,20,,0x9c94,0x00,0,0,0,0,254,6,0xa066,192.168.255.1,192.168.255.129,40,0x00,63019,6301,0,0,0,20,0x0002,0,1,0,0,0,0,0,1024,0x735f,0,
1,"Aug 11, 2024 01:53:43.634024000 EDT",1723355623.634024000,271,60,60,0x0800,4,20,,0x0b2f,0x00,0,0,0,0,254,6,0x31cc,192.168.255.1,192.168.255.129,40,0x00,63019,3559,0,0,0,20,0x0002,0,1,0,0,0,0,0,1024,0x35c1,0,
1,"Aug 11, 2024 01:53:43.634044000 EDT",1723355623.634044000,272,54,54,0x0800,4,20,,0x0000,0x02,0,1,0,0,64,6,0xbafb,192.168.255.129,192.168.255.1,40,0x00,488,63019,1,1,0,20,0x0014,0,0,1,0,1,0,0,0,0x5052,0,
1,"Aug 11, 2024 01:53:43.634095000 EDT",1723355623.634095000,273,54,54,0x0800,4,20,,0x0000,0x02,0,1,0,0,64,6,0xbafb,192.168.255.129,192.168.255.1,40,0x00,64067,63019,1,1,0,20,0x0014,0,0,1,0,1,0,0,0,0x3bb7,0,
1,"Aug 11, 2024 01:53:43.634128000 EDT",1723355623.634128000,274,54,54,0x0800,4,20,,0x0000,0x02,0,1,0,0,64,6,0xbafb,192.168.255.129,192.168.255.1,40,0x00,6301,63019,1,1,0,20,0x0014,0,0,1,0,1,0,0,0,0x774c,0,
1,"Aug 11, 2024 01:53:43.634186000 EDT",1723355623.634186000,275,54,54,0x0800,4,20,,0x0000,0x02,0,1,0,0,64,6,0xbafb,192.168.255.129,192.168.255.1,40,0x00,3559,63019,1,1,0,20,0x0014,0,0,1,0,1,0,0,0,0x39ae,0,
1,"Aug 11, 2024 01:53:43.645298000 EDT",1723355623.645298000,276,60,60,0x0800,4,20,,0xa943,0x00,0,0,0,0,254,6,0x93b7,192.168.255.1,192.168.255.129,40,0x00,63019,488,1,0,0,20,0x0004,0,0,1,0,0,0,0,1200,0x4bb2,0,
1,"Aug 11, 2024 01:53:43.652018000 EDT",1723355623.652018000,277,60,60,0x0800,4,20,,0x60a2,0x00,0,0,0,0,254,6,0xdc58,192.168.255.1,192.168.255.129,40,0x00,63019,64067,1,0,0,20,0x0004,0,0,1,0,0,0,0,1200,0x3717,0,
1,"Aug 11, 2024 01:53:43.662533000 EDT",1723355623.662533000,278,60,60,0x0800,4,20,,0x9c95,0x00,0,0,0,0,254,6,0xa065,192.168.255.1,192.168.255.129,40,0x00,63019,6301,1,0,0,20,0x0004,0,0,1,0,0,0,0,1200,0x72ac,0,
1,"Aug 11, 2024 01:53:43.673361000 EDT",1723355623.673361000,279,60,60,0x0800,4,20,,0x0b2c,0x00,0,0,0,0,254,6,0x31cf,192.168.255.1,192.168.255.129,40,0x00,63019,3559,1,0,0,20,0x0004,0,0,1,0,0,0,0,1200,0x350e,0,
1,"Aug 11, 2024 01:53:43.683916000 EDT",1723355623.683916000,280,60,60,0x0800,4,20,,0x1e26,0x00,0,0,0,0,254,6,0x1ed5,192.168.255.1,192.168.255.129,40,0x00,63019,137,0,0,0,20,0x0002,0,1,0,0,0,0,0,1024,0xb457,0,
1,"Aug 11, 2024 01:53:43.683949000 EDT",1723355623.683949000,281,54,54,0x0800,4,20,,0x0000,0x02,0,1,0,0,64,6,0xbafb,192.168.255.129,192.168.255.1,40,0x00,137,63019,1,1,0,20,0x0014,0,0,1,0,1,0,0,0,0xb844,0,
1,"Aug 11, 2024 01:53:43.697144000 EDT",1723355623.697144000,282,60,60,0x0800,4,20,,0x1e27,0x00,0,0,0,0,254,6,0x1ed4,192.168.255.1,192.168.255.129,40,0x00,63019,137,1,0,0,20,0x0004,0,0,1,0,0,0,0,1200,0xb3a4,0,
1,"Aug 11, 2024 01:53:43.708851000 EDT",1723355623.708851000,283,60,60,0x0800,4,20,,0x46dd,0x00,0,0,0,0,254,6,0xf61d,192.168.255.1,192.168.255.129,40,0x00,63019,50445,0,0,0,20,0x0002,0,1,0,0,0,0,0,1024,0x8e4b,0,
1,"Aug 11, 2024 01:53:43.708872000 EDT",1723355623.708872000,284,54,54,0x0800,4,20,,0x0000,0x02,0,1,0,0,64,6,0xbafb,192.168.255.129,192.168.255.1,40,0x00,50445,63019,1,1,0,20,0x0014,0,0,1,0,1,0,0,0,0x9238,0,
1,"Aug 11, 2024 01:53:43.721645000 EDT",1723355623.721645000,285,60,60,0x0800,4,20,,0x46de,0x00,0,0,0,0,254,6,0xf61c,192.168.255.1,192.168.255.129,40,0x00,63019,50445,1,0,0,20,0x0004,0,0,1,0,0,0,0,1200,0x8d98,0,
1,"Aug 11, 2024 01:53:43.733147000 EDT",1723355623.733147000,286,60,60,0x0800,4,20,,0xd920,0x00,0,0,0,0,254,6,0x63da,192.168.255.1,192.168.255.129,40,0x00,63019,22820,0,0,0,20,0x0002,0,1,0,0,0,0,0,1024,0xe113,0,
1,"Aug 11, 2024 01:53:43.733164000 EDT",1723355623.733164000,287,54,54,0x0800,4,20,,0x0000,0x02,0,1,0,0,64,6,0xbafb,192.168.255.129,192.168.255.1,40,0x00,22820,63019,1,1,0,20,0x0014,0,0,1,0,1,0,0,0,0xe500,0,
1,"Aug 11, 2024 01:53:43.745454000 EDT",1723355623.745454000,288,60,60,0x0800,4,20,,0xd923,0x00,0,0,0,0,254,6,0x63d7,192.168.255.1,192.168.255.129,40,0x00,63019,22820,1,0,0,20,0x0004,0,0,1,0,0,0,0,1200,0xe060,0,
1,"Aug 11, 2024 01:53:43.754788000 EDT",1723355623.754788000,289,60,60,0x0800,4,20,,0x1365,0x00,0,0,0,0,254,6,0x2996,192.168.255.1,192.168.255.129,40,0x00,63019,27083,0,0,0,20,0x0002,0,1,0,0,0,0,0,1024,0x48a2,0,
1,"Aug 11, 2024 01:53:43.754804000 EDT",1723355623.754804000,290,54,54,0x0800,4,20,,0x0000,0x02,0,1,0,0,64,6,0xbafb,192.168.255.129,192.168.255.1,40,0x00,27083,63019,1,1,0,20,0x0014,0,0,1,0,1,0,0,0,0x4c8f,0,
1,"Aug 11, 2024 01:53:43.765570000 EDT",1723355623.765570000,291,60,60,0x0800,4,20,,0x137a,0x00,0,0,0,0,254,6,0x2981,192.168.255.1,192.168.255.129,40,0x00,63019,27083,1,0,0,20,0x0004,0,0,1,0,0,0,0,1200,0x47ef,0,
1,"Aug 11, 2024 01:53:43.775989000 EDT",1723355623.775989000,292,60,60,0x0800,4,20,,0x8d5c,0x00,0,0,0,0,254,6,0xaf9e,192.168.255.1,192.168.255.129,40,0x00,63019,44665,0,0,0,20,0x0002,0,1,0,0,0,0,0,1024,0x38ce,0,
1,"Aug 11, 2024 01:53:43.776004000 EDT",1723355623.776004000,293,54,54,0x0800,4,20,,0x0000,0x02,0,1,0,0,64,6,0xbafb,192.168.255.129,192.168.255.1,40,0x00,44665,63019,1,1,0,20,0x0014,0,0,1,0,1,0,0,0,0x3cbb,0,
1,"Aug 11, 2024 01:53:43.787569000 EDT",1723355623.787569000,294,60,60,0x0800,4,20,,0x8d5d,0x00,0,0,0,0,254,6,0xaf9d,192.168.255.1,192.168.255.129,40,0x00,63019,44665,1,0,0,20,0x0004,0,0,1,0,0,0,0,1200,0x381b,0,
1,"Aug 11, 2024 01:53:43.798218000 EDT",1723355623.798218000,295,60,60,0x0800,4,20,,0x0ec7,0x00,0,0,0,0,254,6,0x2e34,192.168.255.1,192.168.255.129,40,0x00,63019,56874,0,0,0,20,0x0002,0,1,0,0,0,0,0,1024,0x04a8,0,
1,"Aug 11, 2024 01:53:43.798234000 EDT",1723355623.798234000,296,54,54,0x0800,4,20,,0x0000,0x02,0,1,0,0,64,6,0xbafb,192.168.255.129,192.168.255.1,40,0x00,56874,63019,1,1,0,20,0x0014,0,0,1,0,1,0,0,0,0x0895,0,
1,"Aug 11, 2024 01:53:43.809581000 EDT",1723355623.809581000,297,60,60,0x0800,4,20,,0x0ec6,0x00,0,0,0,0,254,6,0x2e35,192.168.255.1,192.168.255.129,40,0x00,63019,56874,1,0,0,20,0x0004,0,0,1,0,0,0,0,1200,0x03f5,0,
1,"Aug 11, 2024 01:53:43.820777000 EDT",1723355623.820777000,298,60,60,0x0800,4,20,,0x8e0b,0x00,0,0,0,0,254,6,0xaeef,192.168.255.1,192.168.255.129,40,0x00,63019,64099,0,0,0,20,0x0002,0,1,0,0,0,0,0,1024,0x8f52,0,
1,"Aug 11, 2024 01:53:43.820794000 EDT",1723355623.820794000,299,54,54,0x0800,4,20,,0x0000,0x02,0,1,0,0,64,6,0xbafb,192.168.255.129,192.168.255.1,40,0x00,64099,63019,1,1,0,20,0x0014,0,0,1,0,1,0,0,0,0x933f,0,
1,"Aug 11, 2024 01:53:43.830791000 EDT",1723355623.830791000,300,60,60,0x0800,4,20,,0x8e08,0x00,0,0,0,0,254,6,0xaef2,192.168.255.1,192.168.255.129,40,0x00,63019,64099,1,0,0,20,0x0004,0,0,1,0,0,0,0,1200,0x8e9f,0,
1,"Aug 11, 2024 01:53:43.843796000 EDT",1723355623.843796000,301,60,60,0x0800,4,20,,0xa57a,0x00,0,0,0,0,254,6,0x9780,192.168.255.1,192.168.255.129,40,0x00,63019,35287,0,0,0,20,0x0002,0,1,0,0,0,0,0,1024,0xc6dc,0,
1,"Aug 11, 2024 01:53:43.843811000 EDT",1723355623.843811000,302,54,54,0x0800,4,20,,0x0000,0x02,0,1,0,0,64,6,0xbafb,192.168.255.129,192.168.255.1,40,0x00,35287,63019,1,1,0,20,0x0014,0,0,1,0,1,0,0,0,0xcac9,0,
1,"Aug 11, 2024 01:53:43.853365000 EDT",1723355623.853365000,303,60,60,0x0800,4,20,,0xa57b,0x00,0,0,0,0,254,6,0x977f,192.168.255.1,192.168.255.129,40,0x00,63019,35287,1,0,0,20,0x0004,0,0,1,0,0,0,0,1200,0xc629,0,
1,"Aug 11, 2024 01:53:43.862240000 EDT",1723355623.862240000,304,60,60,0x0800,4,20,,0x0805,0x00,0,0,0,0,254,6,0x34f6,192.168.255.1,192.168.255.129,40,0x00,63019,17618,0,0,0,20,0x0002,0,1,0,0,0,0,0,1024,0x889a,0,
1,"Aug 11, 2024 01:53:43.862254000 EDT",1723355623.862254000,305,54,54,0x0800,4,20,,0x0000,0x02,0,1,0,0,64,6,0xbafb,192.168.255.129,192.168.255.1,40,0x00,17618,63019,1,1,0,20,0x0014,0,0,1,0,1,0,0,0,0x8c87,0,
1,"Aug 11, 2024 01:53:43.873054000 EDT",1723355623.873054000,306,60,60,0x0800,4,20,,0x0804,0x00,0,0,0,0,254,6,0x34f7,192.168.255.1,192.168.255.129,40,0x00,63019,17618,1,0,0,20,0x0004,0,0,1,0,0,0,0,1200,0x87e7,0,
1,"Aug 11, 2024 01:53:43.886743000 EDT",1723355623.886743000,307,60,60,0x0800,4,20,,0x0d32,0x00,0,0,0,0,254,6,0x2fc9,192.168.255.1,192.168.255.129,40,0x00,63019,52242,0,0,0,20,0x0002,0,1,0,0,0,0,0,1024,0x0e09,0,
1,"Aug 11, 2024 01:53:43.886759000 EDT",1723355623.886759000,308,54,54,0x0800,4,20,,0x0000,0x02,0,1,0,0,64,6,0xbafb,192.168.255.129,192.168.255.1,40,0x00,52242,63019,1,1,0,20,0x0014,0,0,1,0,1,0,0,0,0x11f6,0,
1,"Aug 11, 2024 01:53:43.888482000 EDT",1723355623.888482000,309,60,60,0x0800,4,20,,0x0d31,0x00,0,0,0,0,254,6,0x2fca,192.168.255.1,192.168.255.129,40,0x00,63019,52242,1,0,0,20,0x0004,0,0,1,0,0,0,0,1200,0x0d56,0,
1,"Aug 11, 2024 01:53:43.907267000 EDT",1723355623.907267000,310,60,60,0x0800,4,20,,0xca1e,0x00,0,0,0,0,254,6,0x72dc,192.168.255.1,192.168.255.129,40,0x00,63019,27726,0,0,0,20,0x0002,0,1,0,0,0,0,0,1024,0x4476,0,
1,"Aug 11, 2024 01:53:43.907286000 EDT",1723355623.907286000,311,54,54,0x0800,4,20,,0x0000,0x02,0,1,0,0,64,6,0xbafb,192.168.255.129,192.168.255.1,40,0x00,27726,63019,1,1,0,20,0x0014,0,0,1,0,1,0,0,0,0x4863,0,
1,"Aug 11, 2024 01:53:43.914380000 EDT",1723355623.914380000,312,60,60,0x0800,4,20,,0xca1d,0x00,0,0,0,0,254,6,0x72dd,192.168.255.1,192.168.255.129,40,0x00,63019,27726,1,0,0,20,0x0004,0,0,1,0,0,0,0,1200,0x43c3,0,
1,"Aug 11, 2024 01:53:43.925815000 EDT",1723355623.925815000,313,60,60,0x0800,4,20,,0xd2da,0x00,0,0,0,0,254,6,0x6a20,192.168.255.1,192.168.255.129,40,0x00,63019,55194,0,0,0,20,0x0002,0,1,0,0,0,0,0,1024,0x07c8,0,
1,"Aug 11, 2024 01:53:43.925815000 EDT",1723355623.925815000,314,60,60,0x0800,4,20,,0x07d9,0x00,0,0,0,0,254,6,0x3522,192.168.255.1,192.168.255.129,40,0x00,63019,928,0,0,0,20,0x0002,0,1,0,0,0,0,0,1024,0x6566,0,
1,"Aug 11, 2024 01:53:43.925832000 EDT",1723355623.925832000,315,54,54,0x0800,4,20,,0x0000,0x02,0,1,0,0,64,6,0xbafb,192.168.255.129,192.168.255.1,40,0x00,55194,63019,1,1,0,20,0x0014,0,0,1,0,1,0,0,0,0x0bb5,0,
1,"Aug 11, 2024 01:53:43.925889000 EDT",1723355623.925889000,316,54,54,0x0800,4,20,,0x0000,0x02,0,1,0,0,64,6,0xbafb,192.168.255.129,192.168.255.1,40,0x00,928,63019,1,1,0,20,0x0014,0,0,1,0,1,0,0,0,0x6953,0,
1,"Aug 11, 2024 01:53:43.946102000 EDT",1723355623.946102000,317,60,60,0x0800,4,20,,0xd2d9,0x00,0,0,0,0,254,6,0x6a21,192.168.255.1,192.168.255.129,40,0x00,63019,55194,1,0,0,20,0x0004,0,0,1,0,0,0,0,1200,0x0715,0,
1,"Aug 11, 2024 01:53:43.946103000 EDT",1723355623.946103000,318,60,60,0x0800,4,20,,0x52f2,0x00,0,0,0,0,254,6,0xea08,192.168.255.1,192.168.255.129,40,0x00,63019,38626,0,0,0,20,0x0002,0,1,0,0,0,0,0,1024,0x2047,0,
1,"Aug 11, 2024 01:53:43.946103000 EDT",1723355623.946103000,319,60,60,0x0800,4,20,,0x3c4d,0x00,0,0,0,0,254,6,0x00ae,192.168.255.1,192.168.255.129,40,0x00,63019,41583,0,0,0,20,0x0002,0,1,0,0,0,0,0,1024,0x0ee0,0,
1,"Aug 11, 2024 01:53:43.946103000 EDT",1723355623.946103000,320,60,60,0x0800,4,20,,0x07d8,0x00,0,0,0,0,254,6,0x3523,192.168.255.1,192.168.255.129,40,0x00,63019,928,1,0,0,20,0x0004,0,0,1,0,0,0,0,1200,0x64b3,0,
1,"Aug 11, 2024 01:53:43.946124000 EDT",1723355623.946124000,321,54,54,0x0800,4,20,,0x0000,0x02,0,1,0,0,64,6,0xbafb,192.168.255.129,192.168.255.1,40,0x00,38626,63019,1,1,0,20,0x0014,0,0,1,0,1,0,0,0,0x2434,0,
1,"Aug 11, 2024 01:53:43.946178000 EDT",1723355623.946178000,322,54,54,0x0800,4,20,,0x0000,0x02,0,1,0,0,64,6,0xbafb,192.168.255.129,192.168.255.1,40,0x00,41583,63019,1,1,0,20,0x0014,0,0,1,0,1,0,0,0,0x12cd,0,
1,"Aug 11, 2024 01:53:43.960483000 EDT",1723355623.960483000,323,60,60,0x0800,4,20,,0x52f1,0x00,0,0,0,0,254,6,0xea09,192.168.255.1,192.168.255.129,40,0x00,63019,38626,1,0,0,20,0x0004,0,0,1,0,0,0,0,1200,0x1f94,0,
1,"Aug 11, 2024 01:53:43.967447000 EDT",1723355623.967447000,324,60,60,0x0800,4,20,,0x3c4a,0x00,0,0,0,0,254,6,0x00b1,192.168.255.1,192.168.255.129,40,0x00,63019,41583,1,0,0,20,0x0004,0,0,1,0,0,0,0,1200,0x0e2d,0,
1,"Aug 11, 2024 01:53:43.977330000 EDT",1723355623.977330000,325,60,60,0x0800,4,20,,0xb290,0x00,0,0,0,0,254,6,0x8a6a,192.168.255.1,192.168.255.129,40,0x00,63019,39332,0,0,0,20,0x0002,0,1,0,0,0,0,0,1024,0x0c44,0,
1,"Aug 11, 2024 01:53:43.977348000 EDT",1723355623.977348000,326,54,54,0x0800,4,20,,0x0000,0x02,0,1,0,0,64,6,0xbafb,192.168.255.129,192.168.255.1,40,0x00,39332,63019,1,1,0,20,0x0014,0,0,1,0,1,0,0,0,0x1031,0,
1,"Aug 11, 2024 01:53:43.987962000 EDT",1723355623.987962000,327,60,60,0x0800,4,20,,0xb293,0x00,0,0,0,0,254,6,0x8a67,192.168.255.1,192.168.255.129,40,0x00,63019,39332,1,0,0,20,0x0004,0,0,1,0,0,0,0,1200,0x0b91,0,
1,"Aug 11, 2024 01:53:43.998810000 EDT",1723355623.998810000,328,60,60,0x0800,4,20,,0xfaaf,0x00,0,0,0,0,254,6,0x424b,192.168.255.1,192.168.255.129,40,0x00,63019,63413,0,0,0,20,0x0002,0,1,0,0,0,0,0,1024,0xd86d,0,
1,"Aug 11, 2024 01:53:43.998830000 EDT",1723355623.998830000,329,54,54,0x0800,4,20,,0x0000,0x02,0,1,0,0,64,6,0xbafb,192.168.255.129,192.168.255.1,40,0x00,63413,63019,1,1,0,20,0x0014,0,0,1,0,1,0,0,0,0xdc5a,0,
1,"Aug 11, 2024 01:53:44.011897000 EDT",1723355624.011897000,330,60,60,0x0800,4,20,,0xfaa8,0x00,0,0,0,0,254,6,0x4252,192.168.255.1,192.168.255.129,40,0x00,63019,63413,1,0,0,20,0x0004,0,0,1,0,0,0,0,1200,0xd7ba,0,
1,"Aug 11, 2024 01:53:44.024094000 EDT",1723355624.024094000,331,60,60,0x0800,4,20,,0x6261,0x00,0,0,0,0,254,6,0xda99,192.168.255.1,192.168.255.129,40,0x00,63019,1363,0,0,0,20,0x0002,0,1,0,0,0,0,0,1024,0x350d,0,
1,"Aug 11, 2024 01:53:44.024111000 EDT",1723355624.024111000,332,54,54,0x0800,4,20,,0x0000,0x02,0,1,0,0,64,6,0xbafb,192.168.255.129,192.168.255.1,40,0x00,1363,63019,1,1,0,20,0x0014,0,0,1,0,1,0,0,0,0x38fa,0,
1,"Aug 11, 2024 01:53:44.037400000 EDT",1723355624.037400000,333,60,60,0x0800,4,20,,0x6266,0x00,0,0,0,0,254,6,0xda94,192.168.255.1,192.168.255.129,40,0x00,63019,1363,1,0,0,20,0x0004,0,0,1,0,0,0,0,1200,0x345a,0,
1,"Aug 11, 2024 01:53:44.049384000 EDT",1723355624.049384000,334,60,60,0x0800,4,20,,0x1bbf,0x00,0,0,0,0,254,6,0x213c,192.168.255.1,192.168.255.129,40,0x00,63019,24437,0,0,0,20,0x0002,0,1,0,0,0,0,0,1024,0x0e5b,0,
1,"Aug 11, 2024 01:53:44.049399000 EDT",1723355624.049399000,335,54,54,0x0800,4,20,,0x0000,0x02,0,1,0,0,64,6,0xbafb,192.168.255.129,192.168.255.1,40,0x00,24437,63019,1,1,0,20,0x0014,0,0,1,0,1,0,0,0,0x1248,0,
1,"Aug 11, 2024 01:53:44.062011000 EDT",1723355624.062011000,336,60,60,0x0800,4,20,,0x1bb8,0x00,0,0,0,0,254,6,0x2143,192.168.255.1,192.168.255.129,40,0x00,63019,24437,1,0,0,20,0x0004,0,0,1,0,0,0,0,1200,0x0da8,0,
1,"Aug 11, 2024 01:53:44.071716000 EDT",1723355624.071716000,337,60,60,0x0800,4,20,,0xe768,0x00,0,0,0,0,254,6,0x5592,192.168.255.1,192.168.255.129,40,0x00,63019,51409,0,0,0,20,0x0002,0,1,0,0,0,0,0,1024,0x6feb,0,
1,"Aug 11, 2024 01:53:44.071729000 EDT",1723355624.071729000,338,54,54,0x0800,4,20,,0x0000,0x02,0,1,0,0,64,6,0xbafb,192.168.255.129,192.168.255.1,40,0x00,51409,63019,1,1,0,20,0x0014,0,0,1,0,1,0,0,0,0x73d8,0,
1,"Aug 11, 2024 01:53:44.082593000 EDT",1723355624.082593000,339,60,60,0x0800,4,20,,0xe769,0x00,0,0,0,0,254,6,0x5591,192.168.255.1,192.168.255.129,40,0x00,63019,51409,1,0,0,20,0x0004,0,0,1,0,0,0,0,1200,0x6f38,0,
1,"Aug 11, 2024 01:53:44.093353000 EDT",1723355624.093353000,340,60,60,0x0800,4,20,,0x2d06,0x00,0,0,0,0,254,6,0x0ff5,192.168.255.1,192.168.255.129,40,0x00,63019,12903,0,0,0,20,0x0002,0,1,0,0,0,0,0,1024,0xf18c,0,
1,"Aug 11, 2024 01:53:44.093372000 EDT",1723355624.093372000,341,54,54,0x0800,4,20,,0x0000,0x02,0,1,0,0,64,6,0xbafb,192.168.255.129,192.168.255.1,40,0x00,12903,63019,1,1,0,20,0x0014,0,0,1,0,1,0,0,0,0xf579,0,
1,"Aug 11, 2024 01:53:44.104872000 EDT",1723355624.104872000,342,60,60,0x0800,4,20,,0x2d07,0x00,0,0,0,0,254,6,0x0ff4,192.168.255.1,192.168.255.129,40,0x00,63019,12903,1,0,0,20,0x0004,0,0,1,0,0,0,0,1200,0xf0d9,0,
1,"Aug 11, 2024 01:53:44.115744000 EDT",1723355624.115744000,343,60,60,0x0800,4,20,,0x547f,0x00,0,0,0,0,254,6,0xe87b,192.168.255.1,192.168.255.129,40,0x00,63019,6567,0,0,0,20,0x0002,0,1,0,0,0,0,0,1024,0xcdbb,0,
1,"Aug 11, 2024 01:53:44.115760000 EDT",1723355624.115760000,344,54,54,0x0800,4,20,,0x0000,0x02,0,1,0,0,64,6,0xbafb,192.168.255.129,192.168.255.1,40,0x00,6567,63019,1,1,0,20,0x0014,0,0,1,0,1,0,0,0,0xd1a8,0,
1,"Aug 11, 2024 01:53:44.127032000 EDT",1723355624.127032000,345,60,60,0x0800,4,20,,0x547c,0x00,0,0,0,0,254,6,0xe87e,192.168.255.1,192.168.255.129,40,0x00,63019,6567,1,0,0,20,0x0004,0,0,1,0,0,0,0,1200,0xcd08,0,
1,"Aug 11, 2024 01:53:44.139710000 EDT",1723355624.139710000,346,60,60,0x0800,4,20,,0xaa49,0x00,0,0,0,0,254,6,0x92b1,192.168.255.1,192.168.255.129,40,0x00,63019,50396,0,0,0,20,0x0002,0,1,0,0,0,0,0,1024,0x7ffd,0,
1,"Aug 11, 2024 01:53:44.139739000 EDT",1723355624.139739000,347,54,54,0x0800,4,20,,0x0000,0x02,0,1,0,0,64,6,0xbafb,192.168.255.129,192.168.255.1,40,0x00,50396,63019,1,1,0,20,0x0014,0,0,1,0,1,0,0,0,0x83ea,0,
1,"Aug 11, 2024 01:53:44.148764000 EDT",1723355624.148764000,348,60,60,0x0800,4,20,,0xaa48,0x00,0,0,0,0,254,6,0x92b2,192.168.255.1,192.168.255.129,40,0x00,63019,50396,1,0,0,20,0x0004,0,0,1,0,0,0,0,1200,0x7f4a,0,
1,"Aug 11, 2024 01:53:44.163384000 EDT",1723355624.163384000,349,60,60,0x0800,4,20,,0x0e79,0x00,0,0,0,0,254,6,0x2e82,192.168.255.1,192.168.255.129,40,0x00,63019,41068,0,0,0,20,0x0002,0,1,0,0,0,0,0,1024,0x0716,0,
1,"Aug 11, 2024 01:53:44.163405000 EDT",1723355624.163405000,350,54,54,0x0800,4,20,,0x0000,0x02,0,1,0,0,64,6,0xbafb,192.168.255.129,192.168.255.1,40,0x00,41068,63019,1,1,0,20,0x0014,0,0,1,0,1,0,0,0,0x0b03,0,
1,"Aug 11, 2024 01:53:44.171084000 EDT",1723355624.171084000,351,60,60,0x0800,4,20,,0x0e78,0x00,0,0,0,0,254,6,0x2e83,192.168.255.1,192.168.255.129,40,0x00,63019,41068,1,0,0,20,0x0004,0,0,1,0,0,0,0,1200,0x0663,0,
1,"Aug 11, 2024 01:53:44.181135000 EDT",1723355624.181135000,352,60,60,0x0800,4,20,,0xc33a,0x00,0,0,0,0,254,6,0x79c0,192.168.255.1,192.168.255.129,40,0x00,63019,25822,0,0,0,20,0x0002,0,1,0,0,0,0,0,1024,0x5cb9,0,
1,"Aug 11, 2024 01:53:44.181153000 EDT",1723355624.181153000,353,54,54,0x0800,4,20,,0x0000,0x02,0,1,0,0,64,6,0xbafb,192.168.255.129,192.168.255.1,40,0x00,25822,63019,1,1,0,20,0x0014,0,0,1,0,1,0,0,0,0x60a6,0,
1,"Aug 11, 2024 01:53:44.192161000 EDT",1723355624.192161000,354,60,60,0x0800,4,20,,0xc339,0x00,0,0,0,0,254,6,0x79c1,192.168.255.1,192.168.255.129,40,0x00,63019,25822,1,0,0,20,0x0004,0,0,1,0,0,0,0,1200,0x5c06,0,
1,"Aug 11, 2024 01:53:44.206598000 EDT",1723355624.206598000,355,60,60,0x0800,4,20,,0x39d2,0x00,0,0,0,0,254,6,0x0329,192.168.255.1,192.168.255.129,40,0x00,63019,11964,0,0,0,20,0x0002,0,1,0,0,0,0,0,1024,0x8c3b,0,
1,"Aug 11, 2024 01:53:44.206598000 EDT",1723355624.206598000,356,60,60,0x0800,4,20,,0xb188,0x00,0,0,0,0,254,6,0x8b72,192.168.255.1,192.168.255.129,40,0x00,63019,29542,0,0,0,20,0x0002,0,1,0,0,0,0,0,1024,0x7421,0,
1,"Aug 11, 2024 01:53:44.206619000 EDT",1723355624.206619000,357,54,54,0x0800,4,20,,0x0000,0x02,0,1,0,0,64,6,0xbafb,192.168.255.129,192.168.255.1,40,0x00,11964,63019,1,1,0,20,0x0014,0,0,1,0,1,0,0,0,0x9028,0,
1,"Aug 11, 2024 01:53:44.206674000 EDT",1723355624.206674000,358,54,54,0x0800,4,20,,0x0000,0x02,0,1,0,0,64,6,0xbafb,192.168.255.129,192.168.255.1,40,0x00,29542,63019,1,1,0,20,0x0014,0,0,1,0,1,0,0,0,0x780e,0,
1,"Aug 11, 2024 01:53:44.227323000 EDT",1723355624.227323000,359,60,60,0x0800,4,20,,0x39cd,0x00,0,0,0,0,254,6,0x032e,192.168.255.1,192.168.255.129,40,0x00,63019,11964,1,0,0,20,0x0004,0,0,1,0,0,0,0,1200,0x8b88,0,
1,"Aug 11, 2024 01:53:44.232460000 EDT",1723355624.232460000,360,60,60,0x0800,4,20,,0xb197,0x00,0,0,0,0,254,6,0x8b63,192.168.255.1,192.168.255.129,40,0x00,63019,29542,1,0,0,20,0x0004,0,0,1,0,0,0,0,1200,0x736e,0,
